{
	"__comment": "Designed by Filmjolk",
	"ambientocclusion": false,
	"textures": {
		"particle": "block/acacia_door_top",
		"bottom": "block/acacia_door_bottom",
		"top": "block/acacia_door_top"
	},
	"elements": [ 	 
		{
			"__comment": "Cube4",
			"from": [ -0.5, 13.75, 1.5 ],
			"to": [ 0, 14.75, 2.5 ],
			"faces": {
				"down": { "uv": [ 8.5, 4.5, 9, 5 ], "texture": "#bottom", "rotation": 180 },
				"up": { "uv": [ 8.5, 4.5, 9, 5 ], "texture": "#bottom", "rotation": 180 },
				"north": { "uv": [ 8.5, 4.5, 9, 5 ], "texture": "#bottom" },
				"south": { "uv": [ 8.5, 4.5, 9, 5 ], "texture": "#bottom" }
			}
		},
		{
			"__comment": "Cube4",
			"from": [ 0, 0, 0 ],
			"to": [ 3, 16, 16 ],
			"faces": {
				"down": { "uv": [ 0, 13, 16, 16 ], "texture": "#bottom", "rotation": 90 },
				"north": { "uv": [ 0, 0, 2.5, 16 ], "texture": "#bottom" },
				"south": { "uv": [ 0, 0, 2.5, 16 ], "texture": "#bottom" },
				"west": { "uv": [ 16, 0, 0, 16 ], "texture": "#bottom" },
				"east": { "uv": [ 0, 0, 16, 16 ], "texture": "#bottom" }
			}
		},
		{
			"__comment": "Cube4",
			"from": [ 3.5, 13.5, 1.25 ],
			"to": [ 4, 15, 2.75 ],
			"faces": {
				"down": { "uv": [ 8.5, 4.5, 9, 6 ], "texture": "#bottom", "rotation": 180 },
				"up": { "uv": [ 8.5, 4.5, 9, 6 ], "texture": "#bottom", "rotation": 180 },
				"north": { "uv": [ 8.5, 4.5, 9, 6 ], "texture": "#bottom" },
				"south": { "uv": [ 8.5, 4.5, 9, 6 ], "texture": "#bottom" },
				"west": { "uv": [ 7.5, 4.5, 9, 6 ], "texture": "#bottom" },
				"east": { "uv": [ 7.5, 4.5, 9, 6 ], "texture": "#bottom" }
			}
		},
		{
			"__comment": "Cube4",
			"from": [ -1, 13.5, 1.25 ],
			"to": [ -0.5, 15, 2.75 ],
			"faces": {
				"down": { "uv": [ 8.5, 4.5, 9, 6 ], "texture": "#bottom", "rotation": 180 },
				"up": { "uv": [ 8.5, 4.5, 9, 6 ], "texture": "#bottom", "rotation": 180 },
				"north": { "uv": [ 7.5, 4.5, 8, 6 ], "texture": "#bottom" },
				"south": { "uv": [ 8.5, 4.5, 9, 6 ], "texture": "#bottom" },
				"west": { "uv": [ 7.5, 4.5, 9, 6 ], "texture": "#bottom" },
				"east": { "uv": [ 7.5, 4.5, 9, 6 ], "texture": "#bottom" }
			}
		},
		{
			"__comment": "Cube4",
			"from": [ 3, 13.75, 1.5 ],
			"to": [ 3.5, 14.75, 2.5 ],
			"faces": {
				"down": { "uv": [ 8.5, 4.5, 9, 5 ], "texture": "#bottom", "rotation": 180 },
				"up": { "uv": [ 8.5, 4.5, 9, 5.5 ], "texture": "#bottom", "rotation": 180 },
				"north": { "uv": [ 8.5, 4.5, 9, 5 ], "texture": "#bottom" },
				"south": { "uv": [ 8.5, 4.5, 9, 5 ], "texture": "#bottom" }
			}
		}
	]
}