{
	"__comment": "Designed by Filmjolk",
	"parent": "block/block",
	"textures": {
		"particle": "block/acacia_fence2",
		"texture": "block/acacia_fence"
	},
	"elements": [ 	 
		{
			"__comment": "Box1",
			"from": [ 0, 0, 6.75 ],
			"to": [ 2.5, 14.75, 9.25 ],
			"faces": {
				"down": { "uv": [ 0, 6.75, 2.5, 9.25 ], "texture": "#texture" },
				"up": { "uv": [ 0, 6.75, 2.5, 9.25 ], "texture": "#texture" },
				"north": { "uv": [ 13.5, 1.25, 16, 16 ], "texture": "#texture" },
				"south": { "uv": [ 0, 1.25, 2.5, 16 ], "texture": "#texture" },
				"west": { "uv": [ 6.75, 1.25, 9.25, 16 ], "texture": "#texture" },
				"east": { "uv": [ 6.75, 1.25, 9.25, 16 ], "texture": "#texture" }
			}
		},
		{
			"__comment": "Box2",
			"from": [ 0.5, 14.75, 7.25 ],
			"to": [ 2, 15.75, 8.75 ],
			"faces": {
				"down": { "uv": [ 7.25, 7.25, 8.75, 8.75 ], "texture": "#texture" },
				"up": { "uv": [ 7.25, 7.25, 8.75, 8.75 ], "texture": "#texture" },
				"north": { "uv": [ 7.25, 0.25, 8.75, 1.25 ], "texture": "#texture" },
				"south": { "uv": [ 7.25, 0.25, 8.75, 1.25 ], "texture": "#texture" },
				"west": { "uv": [ 7.25, 0.25, 8.75, 1.25 ], "texture": "#texture" },
				"east": { "uv": [ 7.25, 0.25, 8.75, 1.25 ], "texture": "#texture" }
			}
		},
		{
			"__comment": "Box3",
			"from": [ 0.125, 15.5, 6.875 ],
			"to": [ 2.375, 16, 9.125 ],
			"faces": {
				"down": { "uv": [ 6.875, 6.875, 9.125, 9.125 ], "texture": "#texture" },
				"up": { "uv": [ 6.875, 6.875, 9.125, 9.125 ], "texture": "#texture" },
				"north": { "uv": [ 6.875, 0, 9.125, 0.5 ], "texture": "#texture" },
				"south": { "uv": [ 6.875, 0, 9.125, 0.5 ], "texture": "#texture" },
				"west": { "uv": [ 6.875, 0, 9.125, 0.5 ], "texture": "#texture" },
				"east": { "uv": [ 6.875, 0, 9.125, 0.5 ], "texture": "#texture" }
			}
		},
		{
			"__comment": "Box3",
			"from": [ 0.25, 15.75, 7 ],
			"to": [ 2.25, 16.75, 9 ],
			"faces": {
				"down": { "uv": [ 7, 7, 9, 9 ], "texture": "#texture" },
				"up": { "uv": [ 7, 7, 9, 9 ], "texture": "#texture" },
				"north": { "uv": [ 7, 0, 9, 0.25 ], "texture": "#texture" },
				"south": { "uv": [ 7, 0, 9, 0.25 ], "texture": "#texture" },
				"west": { "uv": [ 7, 0, 9, 0.25 ], "texture": "#texture" },
				"east": { "uv": [ 7, 0, 9, 0.25 ], "texture": "#texture" }
			}
		},
		{
			"__comment": "Box3",
			"from": [ 0.75, 17.375, 7.5 ],
			"to": [ 1.75, 17.875, 8.5 ],
			"faces": {
				"down": { "uv": [ 7.5, 7.5, 8.5, 8.5 ], "texture": "#texture" },
				"up": { "uv": [ 7.5, 7.5, 8.5, 8.5 ], "texture": "#texture" },
				"north": { "uv": [ 7.5, 14.125, 8.5, 14.625 ], "texture": "#texture" },
				"south": { "uv": [ 7.5, 14.125, 8.5, 14.625 ], "texture": "#texture" },
				"west": { "uv": [ 7.5, 14.125, 8.5, 14.625 ], "texture": "#texture" },
				"east": { "uv": [ 7.5, 14.125, 8.5, 14.625 ], "texture": "#texture" }
			}
		},
		{
			"__comment": "Box3",
			"from": [ 0.5, 16.375, 7.25 ],
			"to": [ 2, 17.375, 8.75 ],
			"faces": {
				"down": { "uv": [ 7.25, 7.25, 8.75, 8.75 ], "texture": "#texture" },
				"up": { "uv": [ 7.25, 7.25, 8.75, 8.75 ], "texture": "#texture" },
				"north": { "uv": [ 7.25, 14.625, 8.75, 15.625 ], "texture": "#texture" },
				"south": { "uv": [ 7.25, 14.625, 8.75, 15.625 ], "texture": "#texture" },
				"west": { "uv": [ 7.25, 14.625, 8.75, 15.625 ], "texture": "#texture" },
				"east": { "uv": [ 7.25, 14.625, 8.75, 15.625 ], "texture": "#texture" }
			}
		},
		{
			"__comment": "Box3",
			"from": [ 1, 17.75, 7.75 ],
			"to": [ 1.5, 18.25, 8.25 ],
			"faces": {
				"down": { "uv": [ 1, 7.75, 1.5, 8.25 ], "texture": "#texture" },
				"up": { "uv": [ 1, 7.75, 1.5, 8.25 ], "texture": "#texture" },
				"north": { "uv": [ 14.5, 13.75, 15, 14.25 ], "texture": "#texture" },
				"south": { "uv": [ 1, 13.75, 1.5, 14.25 ], "texture": "#texture" },
				"west": { "uv": [ 7.75, 13.75, 8.25, 14.25 ], "texture": "#texture" },
				"east": { "uv": [ 7.75, 13.75, 8.25, 14.25 ], "texture": "#texture" }
			}
		},
		{
			"__comment": "Box8",
			"from": [ 10.5, 0, 7.5 ],
			"to": [ 12.5, 13.25, 8.5 ],
			"faces": {
				"down": { "uv": [ 7.5, 10, 8.5, 12 ], "texture": "#texture", "rotation": 90 },
				"up": { "uv": [ 7.5, 4, 8.5, 6 ], "texture": "#texture", "rotation": 270 },
				"north": { "uv": [ 10, 4, 12, 16 ], "texture": "#texture" },
				"south": { "uv": [ 4, 4, 6, 16 ], "texture": "#texture" },
				"west": { "uv": [ 7.5, 4, 8.5, 16 ], "texture": "#texture" },
				"east": { "uv": [ 7.5, 4, 8.5, 16 ], "texture": "#texture" }
			}
		},
		{
			"__comment": "Box9",
			"from": [ 6.8125, 0, 7.5 ],
			"to": [ 9.3125, 14.375, 8.5 ],
			"faces": {
				"down": { "uv": [ 7.5, 13, 8.5, 15.5 ], "texture": "#texture", "rotation": 90 },
				"up": { "uv": [ 7.5, 0.5, 8.5, 3 ], "texture": "#texture", "rotation": 270 },
				"north": { "uv": [ 13, 3, 15.5, 16 ], "texture": "#texture" },
				"south": { "uv": [ 0.5, 3, 3, 16 ], "texture": "#texture" },
				"west": { "uv": [ 7.5, 3, 8.5, 16 ], "texture": "#texture" },
				"east": { "uv": [ 7.5, 3, 8.5, 16 ], "texture": "#texture" }
			}
		},
		{
			"__comment": "Box10",
			"from": [ 2.5, 1.125, 7.6875 ],
			"to": [ 13.5, 2.125, 8.3125 ],
			"faces": {
				"down": { "uv": [ 2.5, 7.6875, 13.5, 8.3125 ], "texture": "#particle" },
				"up": { "uv": [ 2.5, 7.6875, 13.5, 8.3125 ], "texture": "#particle" },
				"north": { "uv": [ 2.5, 13.875, 13.5, 14.875 ], "texture": "#particle" },
				"south": { "uv": [ 2.5, 13.875, 13.5, 14.875 ], "texture": "#particle" },
				"west": { "uv": [ 7.6875, 13.875, 8.3125, 14.875 ], "texture": "#particle" },
				"east": { "uv": [ 7.6875, 13.875, 8.3125, 14.875 ], "texture": "#particle" }
			}
		},
		{
			"__comment": "Box10",
			"from": [ 2.5, 10.625, 7.6875 ],
			"to": [ 13.5, 11.625, 8.3125 ],
			"faces": {
				"down": { "uv": [ 2.5, 7.6875, 13.5, 8.3125 ], "texture": "#particle" },
				"up": { "uv": [ 2.5, 7.6875, 13.5, 8.3125 ], "texture": "#particle" },
				"north": { "uv": [ 2.5, 4.375, 13.5, 5.375 ], "texture": "#particle" },
				"south": { "uv": [ 2.5, 4.375, 13.5, 5.375 ], "texture": "#particle" },
				"west": { "uv": [ 7.6875, 4.375, 8.3125, 5.375 ], "texture": "#particle" },
				"east": { "uv": [ 7.6875, 4.375, 8.3125, 5.375 ], "texture": "#particle" }
			}
		},
		{
			"__comment": "Box3",
			"from": [ 14.5, 17.75, 7.75 ],
			"to": [ 15, 18.25, 8.25 ],
			"faces": {
				"down": { "uv": [ 14.5, 7.75, 15, 8.25 ], "texture": "#texture" },
				"up": { "uv": [ 14.5, 7.75, 15, 8.25 ], "texture": "#texture" },
				"north": { "uv": [ 1, 13.75, 1.5, 14.25 ], "texture": "#texture" },
				"south": { "uv": [ 14.5, 13.75, 15, 14.25 ], "texture": "#texture" },
				"west": { "uv": [ 7.75, 13.75, 8.25, 14.25 ], "texture": "#texture" },
				"east": { "uv": [ 7.75, 13.75, 8.25, 14.25 ], "texture": "#texture" }
			}
		},
		{
			"__comment": "Box3",
			"from": [ 14.25, 17.375, 7.5 ],
			"to": [ 15.25, 17.875, 8.5 ],
			"faces": {
				"down": { "uv": [ 7.5, 7.5, 8.5, 8.5 ], "texture": "#texture" },
				"up": { "uv": [ 7.5, 7.5, 8.5, 8.5 ], "texture": "#texture" },
				"north": { "uv": [ 7.5, 14.125, 8.5, 14.625 ], "texture": "#texture" },
				"south": { "uv": [ 7.5, 14.125, 8.5, 14.625 ], "texture": "#texture" },
				"west": { "uv": [ 7.5, 14.125, 8.5, 14.625 ], "texture": "#texture" },
				"east": { "uv": [ 7.5, 14.125, 8.5, 14.625 ], "texture": "#texture" }
			}
		},
		{
			"__comment": "Box2",
			"from": [ 14, 14.75, 7.25 ],
			"to": [ 15.5, 15.75, 8.75 ],
			"faces": {
				"down": { "uv": [ 7.25, 7.25, 8.75, 8.75 ], "texture": "#texture" },
				"up": { "uv": [ 7.25, 7.25, 8.75, 8.75 ], "texture": "#texture" },
				"north": { "uv": [ 7.25, 0.25, 8.75, 1.25 ], "texture": "#texture" },
				"south": { "uv": [ 7.25, 0.25, 8.75, 1.25 ], "texture": "#texture" },
				"west": { "uv": [ 7.25, 0.25, 8.75, 1.25 ], "texture": "#texture" },
				"east": { "uv": [ 7.25, 0.25, 8.75, 1.25 ], "texture": "#texture" }
			}
		},
		{
			"__comment": "Box3",
			"from": [ 14, 16.375, 7.25 ],
			"to": [ 15.5, 17.375, 8.75 ],
			"faces": {
				"down": { "uv": [ 7.25, 7.25, 8.75, 8.75 ], "texture": "#texture" },
				"up": { "uv": [ 7.25, 7.25, 8.75, 8.75 ], "texture": "#texture" },
				"north": { "uv": [ 7.25, 14.625, 8.75, 15.625 ], "texture": "#texture" },
				"south": { "uv": [ 7.25, 14.625, 8.75, 15.625 ], "texture": "#texture" },
				"west": { "uv": [ 7.25, 14.625, 8.75, 15.625 ], "texture": "#texture" },
				"east": { "uv": [ 7.25, 14.625, 8.75, 15.625 ], "texture": "#texture" }
			}
		},
		{
			"__comment": "Box3",
			"from": [ 13.75, 15.75, 7 ],
			"to": [ 15.75, 16.75, 9 ],
			"faces": {
				"down": { "uv": [ 7, 7, 9, 9 ], "texture": "#texture" },
				"up": { "uv": [ 7, 7, 9, 9 ], "texture": "#texture" },
				"north": { "uv": [ 7, 0, 9, 0.25 ], "texture": "#texture" },
				"south": { "uv": [ 7, 0, 9, 0.25 ], "texture": "#texture" },
				"west": { "uv": [ 7, 0, 9, 0.25 ], "texture": "#texture" },
				"east": { "uv": [ 7, 0, 9, 0.25 ], "texture": "#texture" }
			}
		},
		{
			"__comment": "Box3",
			"from": [ 13.625, 15.5, 6.875 ],
			"to": [ 15.875, 16, 9.125 ],
			"faces": {
				"down": { "uv": [ 6.875, 6.875, 9.125, 9.125 ], "texture": "#texture" },
				"up": { "uv": [ 6.875, 6.875, 9.125, 9.125 ], "texture": "#texture" },
				"north": { "uv": [ 6.875, 0, 9.125, 0.5 ], "texture": "#texture" },
				"south": { "uv": [ 6.875, 0, 9.125, 0.5 ], "texture": "#texture" },
				"west": { "uv": [ 6.875, 0, 9.125, 0.5 ], "texture": "#texture" },
				"east": { "uv": [ 6.875, 0, 9.125, 0.5 ], "texture": "#texture" }
			}
		},
		{
			"__comment": "Box1",
			"from": [ 13.5, 0, 6.75 ],
			"to": [ 16, 14.75, 9.25 ],
			"faces": {
				"down": { "uv": [ 13.5, 6.75, 16, 9.25 ], "texture": "#texture" },
				"up": { "uv": [ 13.5, 6.75, 16, 9.25 ], "texture": "#texture" },
				"north": { "uv": [ 0, 1.25, 2.5, 16 ], "texture": "#texture" },
				"south": { "uv": [ 13.5, 1.25, 16, 16 ], "texture": "#texture" },
				"west": { "uv": [ 6.75, 1.25, 9.25, 16 ], "texture": "#texture" },
				"east": { "uv": [ 6.75, 1.25, 9.25, 16 ], "texture": "#texture" }
			}
		},
		{
			"__comment": "Box8",
			"from": [ 3.625, 0, 7.5 ],
			"to": [ 5.625, 13.25, 8.5 ],
			"faces": {
				"down": { "uv": [ 7.5, 10, 8.5, 12 ], "texture": "#texture", "rotation": 90 },
				"up": { "uv": [ 7.5, 4, 8.5, 6 ], "texture": "#texture", "rotation": 270 },
				"north": { "uv": [ 10, 4, 12, 16 ], "texture": "#texture" },
				"south": { "uv": [ 4, 4, 6, 16 ], "texture": "#texture" },
				"west": { "uv": [ 7.5, 4, 8.5, 16 ], "texture": "#texture" },
				"east": { "uv": [ 7.5, 4, 8.5, 16 ], "texture": "#texture" }
			}
		}
	],
	"display": {
		"gui": {
			"rotation":  [ 30, 45, 0 ],
            "translation": [ 0, -0.5, 0 ],
			"scale":  [ 0.80, 0.60, 0.65 ]
		},
		"fixed": {
			"rotation":  [ 0, 0, 0 ],
            "translation": [ 0, -0.5, 0 ],
			"scale":  [ 0.6, 0.5, 0.6 ]
		},
        "thirdperson_righthand": {
            "rotation": [ 75, 45, 0 ],
            "translation": [ 0, 2.5, 0],
            "scale": [ 0.375, 0.375, 0.375 ]
        },
        "firstperson_righthand": {
            "rotation": [ 0, 135, 0 ],
            "translation": [ 0, 0, 0 ],
            "scale": [ 0.40, 0.40, 0.40 ]
        },
        "firstperson_lefthand": {
            "rotation": [ 0, 135, 0 ],
            "translation": [ 0, 0, 0 ],
            "scale": [ 0.40, 0.40, 0.40 ]
        }
    }
}