{
	"__comment": "Designed by Filmjolk",
	"parent": "block/block",
	"textures": {
		"particle": "block/acacia_fence",
		"texture": "block/acacia_fence",
		"texture1": "block/acacia_fence2"
	},
	"elements": [ 	 
		{
			"__comment": "Box8",
			"from": [ 2.5, 0, 4.75 ],
			"to": [ 3.5, 14.5, 7.25 ],
			"faces": {
				"down": { "uv": [ 3.5, 7.5, 6, 8.5 ], "texture": "#texture", "rotation": 270 },
				"up": { "uv": [ 3.5, 7.5, 6, 8.5 ], "texture": "#texture", "rotation": 90 },
				"north": { "uv": [ 7.5, 1.5, 8.5, 16 ], "texture": "#texture" },
				"south": { "uv": [ 7.5, 1.5, 8.5, 16 ], "texture": "#texture" },
				"west": { "uv": [ 3.5, 1.5, 6, 16 ], "texture": "#texture" },
				"east": { "uv": [ 10, 1.5, 12.5, 16 ], "texture": "#texture" }
			}
		},
		{
			"__comment": "Box9",
			"from": [ 13.5, 0, 7.5 ],
			"to": [ 15.5, 14, 8.5 ],
			"faces": {
				"down": { "uv": [ 13.5, 7.5, 15.5, 8.5 ], "texture": "#texture" },
				"up": { "uv": [ 13.5, 7.5, 15.5, 8.5 ], "texture": "#texture" },
				"north": { "uv": [ 0.5, 2, 2.5, 16 ], "texture": "#texture" },
				"south": { "uv": [ 13.5, 2, 15.5, 16 ], "texture": "#texture" },
				"west": { "uv": [ 7.5, 2, 8.5, 16 ], "texture": "#texture" },
				"east": { "uv": [ 7.5, 2, 8.5, 16 ], "texture": "#texture" }
			}
		},
		{
			"__comment": "Box10",
			"from": [ 0, 1.125, 7.75 ],
			"to": [ 3.25, 2.125, 8.25 ],
			"faces": {
				"down": { "uv": [ 0, 7.75, 3.25, 8.25 ], "texture": "#texture1" },
				"up": { "uv": [ 0, 7.75, 3.25, 8.25 ], "texture": "#texture1" },
				"north": { "uv": [ 12.75, 13.875, 16, 14.875 ], "texture": "#texture1" },
				"south": { "uv": [ 0, 13.875, 3.25, 14.875 ], "texture": "#texture1" },
				"west": { "uv": [ 7.75, 13.875, 8.25, 14.875 ], "texture": "#texture1" },
				"east": { "uv": [ 7.75, 13.875, 8.25, 14.875 ], "texture": "#texture1" }
			}
		},
		{
			"__comment": "Box10",
			"from": [ 0, 10.625, 7.75 ],
			"to": [ 3.25, 11.625, 8.25 ],
			"faces": {
				"down": { "uv": [ 0, 7.75, 3.25, 8.25 ], "texture": "#texture1" },
				"up": { "uv": [ 0, 7.75, 3.25, 8.25 ], "texture": "#texture1" },
				"north": { "uv": [ 12.75, 4.375, 16, 5.375 ], "texture": "#texture1" },
				"south": { "uv": [ 0, 4.375, 3.25, 5.375 ], "texture": "#texture1" },
				"west": { "uv": [ 7.75, 4.375, 8.25, 5.375 ], "texture": "#texture1" },
				"east": { "uv": [ 7.75, 4.375, 8.25, 5.375 ], "texture": "#texture1" }
			}
		},
		{
			"__comment": "Box8",
			"from": [ 2.5, 0, -1.75 ],
			"to": [ 3.5, 14.5, 0.75 ],
			"faces": {
				"down": { "uv": [ 10, 7.5, 12.5, 8.5 ], "texture": "#texture", "rotation": 270 },
				"up": { "uv": [ 10, 7.5, 12.5, 8.5 ], "texture": "#texture", "rotation": 90 },
				"north": { "uv": [ 7.5, 1.5, 8.5, 16 ], "texture": "#texture" },
				"south": { "uv": [ 7.5, 1.5, 8.5, 16 ], "texture": "#texture" },
				"west": { "uv": [ 10, 1.5, 12.5, 16 ], "texture": "#texture" },
				"east": { "uv": [ 3.5, 1.5, 6, 16 ], "texture": "#texture" }
			}
		},
		{
			"__comment": "Box9",
			"from": [ 0.5, 0, 7.5 ],
			"to": [ 2.5, 14, 8.5 ],
			"faces": {
				"down": { "uv": [ 0.5, 7.5, 2.5, 8.5 ], "texture": "#texture" },
				"up": { "uv": [ 0.5, 7.5, 2.5, 8.5 ], "texture": "#texture" },
				"north": { "uv": [ 13.5, 2, 15.5, 16 ], "texture": "#texture" },
				"south": { "uv": [ 0.5, 2, 2.5, 16 ], "texture": "#texture" },
				"west": { "uv": [ 7.5, 2, 8.5, 16 ], "texture": "#texture" },
				"east": { "uv": [ 7.5, 2, 8.5, 16 ], "texture": "#texture" }
			}
		},
		{
			"__comment": "Box8",
			"from": [ 2.5, 0, 1.75 ],
			"to": [ 3.5, 15, 3.75 ],
			"faces": {
				"down": { "uv": [ 7, 7.5, 9, 8.5 ], "texture": "#texture", "rotation": 270 },
				"up": { "uv": [ 7, 7.5, 9, 8.5 ], "texture": "#texture", "rotation": 90 },
				"north": { "uv": [ 7.5, 1, 8.5, 16 ], "texture": "#texture" },
				"south": { "uv": [ 7.5, 1, 8.5, 16 ], "texture": "#texture" },
				"west": { "uv": [ 7, 1, 9, 16 ], "texture": "#texture" },
				"east": { "uv": [ 7, 1, 9, 16 ], "texture": "#texture" }
			}
		},
		{
			"__comment": "Box10",
			"from": [ 2.75, 10.625, -2 ],
			"to": [ 3.25, 11.625, 7.75 ],
			"faces": {
				"down": { "uv": [ 2.75, 0, 3.25, 7.75 ], "texture": "#texture1" },
				"up": { "uv": [ 2.75, 8.25, 3.25, 16 ], "texture": "#texture1" },
				"north": { "uv": [ 12.75, 4.375, 13.25, 5.375 ], "texture": "#texture1" },
				"south": { "uv": [ 2.75, 4.375, 3.25, 5.375 ], "texture": "#texture1" },
				"west": { "uv": [ 8.25, 4.375, 16, 5.375 ], "texture": "#texture1" },
				"east": { "uv": [ 0, 4.375, 7.75, 5.375 ], "texture": "#texture1" }
			}
		},
		{
			"__comment": "Box10",
			"from": [ 13, 10.625, 7.75 ],
			"to": [ 16, 11.625, 8.25 ],
			"faces": {
				"down": { "uv": [ 13, 7.75, 16, 8.25 ], "texture": "#texture1" },
				"up": { "uv": [ 13, 7.75, 16, 8.25 ], "texture": "#texture1" },
				"north": { "uv": [ 0, 4.375, 3, 5.375 ], "texture": "#texture1" },
				"south": { "uv": [ 13, 4.375, 16, 5.375 ], "texture": "#texture1" },
				"west": { "uv": [ 7.75, 4.375, 8.25, 5.375 ], "texture": "#texture1" },
				"east": { "uv": [ 7.75, 4.375, 8.25, 5.375 ], "texture": "#texture1" }
			}
		},
		{
			"__comment": "Box10",
			"from": [ 2.75, 1.125, -2 ],
			"to": [ 3.25, 2.125, 7.75 ],
			"faces": {
				"down": { "uv": [ 2.75, 0, 3.25, 7.75 ], "texture": "#texture1" },
				"up": { "uv": [ 2.75, 8.25, 3.25, 16 ], "texture": "#texture1" },
				"north": { "uv": [ 12.75, 13.875, 13.25, 14.875 ], "texture": "#texture1" },
				"south": { "uv": [ 2.75, 13.875, 3.25, 14.875 ], "texture": "#texture1" },
				"west": { "uv": [ 8.25, 13.875, 16, 14.875 ], "texture": "#texture1" },
				"east": { "uv": [ 0, 13.875, 7.75, 14.875 ], "texture": "#texture1" }
			}
		},
		{
			"__comment": "Box10",
			"from": [ 13, 1.125, 7.75 ],
			"to": [ 16, 2.125, 8.25 ],
			"faces": {
				"down": { "uv": [ 13, 7.75, 16, 8.25 ], "texture": "#texture1" },
				"up": { "uv": [ 13, 7.75, 16, 8.25 ], "texture": "#texture1" },
				"north": { "uv": [ 0, 13.875, 3, 14.875 ], "texture": "#texture1" },
				"south": { "uv": [ 13, 13.875, 16, 14.875 ], "texture": "#texture1" },
				"west": { "uv": [ 7.75, 13.875, 8.25, 14.875 ], "texture": "#texture1" },
				"east": { "uv": [ 7.75, 13.875, 8.25, 14.875 ], "texture": "#texture1" }
			}
		}
	]
}