{
	"__comment": "Designed by Filmjolk",
	"ambientocclusion": false,
	"textures": {
		"particle": "block/acacia_door_top",
		"bottom": "block/acacia_door_bottom",
		"top": "block/acacia_door_top"
	},
	"elements": [ 	 
		{
			"__comment": "Cube10",
			"from": [ 0, 0, 0 ],
			"to": [ 3, 16, 16 ],
			"faces": {
				"up": { "uv": [ 0, 0, 3, 16 ], "texture": "#top" },
				"north": { "uv": [ 13, 0, 16, 16 ], "texture": "#bottom" },
				"south": { "uv": [ 0, 0, 3, 16 ], "texture": "#bottom" },
				"west": { "uv": [ 16, 0, 0, 16 ], "texture": "#top" },
				"east": { "uv": [ 0, 0, 16, 16 ], "texture": "#top" }
			}
		}
	]
}