{
	"__comment": "Designed by Filmjolk",
	"parent": "block/block",
	"textures": {
		"particle": "block/acacia_fence",
		"texture": "block/acacia_fence",
		"texture1": "block/acacia_fence2"
	},
	"elements": [ 	 
		{
			"__comment": "Box8",
			"from": [ 3.5, 0, 7.5 ],
			"to": [ 6, 14.5, 8.5 ],
			"faces": {
				"down": { "uv": [ 3.5, 7.5, 6, 8.5 ], "texture": "#texture" },
				"up": { "uv": [ 3.5, 7.5, 6, 8.5 ], "texture": "#texture" },
				"north": { "uv": [ 10, 1.5, 12.5, 16 ], "texture": "#texture" },
				"south": { "uv": [ 3.5, 1.5, 6, 16 ], "texture": "#texture" },
				"west": { "uv": [ 7.5, 1.5, 8.5, 16 ], "texture": "#texture" },
				"east": { "uv": [ 7.5, 1.5, 8.5, 16 ], "texture": "#texture" }
			}
		},
		{
			"__comment": "Box9",
			"from": [ 13.5, 0, 7.5 ],
			"to": [ 15.5, 14, 8.5 ],
			"faces": {
				"down": { "uv": [ 13.5, 7.5, 15.5, 8.5 ], "texture": "#texture" },
				"up": { "uv": [ 13.5, 7.5, 15.5, 8.5 ], "texture": "#texture" },
				"north": { "uv": [ 0.5, 2, 2.5, 16 ], "texture": "#texture" },
				"south": { "uv": [ 13.5, 2, 15.5, 16 ], "texture": "#texture" },
				"west": { "uv": [ 7.5, 2, 8.5, 16 ], "texture": "#texture" },
				"east": { "uv": [ 7.5, 2, 8.5, 16 ], "texture": "#texture" }
			}
		},
		{
			"__comment": "Box10",
			"from": [ 0, 1.125, 7.75 ],
			"to": [ 16, 2.125, 8.25 ],
			"faces": {
				"down": { "uv": [ 0, 7.75, 16, 8.25 ], "texture": "#texture1" },
				"up": { "uv": [ 0, 7.75, 16, 8.25 ], "texture": "#texture1" },
				"north": { "uv": [ 0, 13.875, 16, 14.875 ], "texture": "#texture1" },
				"south": { "uv": [ 0, 13.875, 16, 14.875 ], "texture": "#texture1" },
				"west": { "uv": [ 7.75, 13.875, 8.25, 14.875 ], "texture": "#texture1" },
				"east": { "uv": [ 7.75, 13.875, 8.25, 14.875 ], "texture": "#texture1" }
			}
		},
		{
			"__comment": "Box10",
			"from": [ 0, 10.625, 7.75 ],
			"to": [ 16, 11.625, 8.25 ],
			"faces": {
				"down": { "uv": [ 0, 7.75, 16, 8.25 ], "texture": "#texture1" },
				"up": { "uv": [ 0, 7.75, 16, 8.25 ], "texture": "#texture1" },
				"north": { "uv": [ 0, 4.375, 16, 5.375 ], "texture": "#texture1" },
				"south": { "uv": [ 0, 4.375, 16, 5.375 ], "texture": "#texture1" },
				"west": { "uv": [ 7.75, 4.375, 8.25, 5.375 ], "texture": "#texture1" },
				"east": { "uv": [ 7.75, 4.375, 8.25, 5.375 ], "texture": "#texture1" }
			}
		},
		{
			"__comment": "Box8",
			"from": [ 10, 0, 7.5 ],
			"to": [ 12.5, 14.5, 8.5 ],
			"faces": {
				"down": { "uv": [ 10, 7.5, 12.5, 8.5 ], "texture": "#texture" },
				"up": { "uv": [ 10, 7.5, 12.5, 8.5 ], "texture": "#texture" },
				"north": { "uv": [ 3.5, 1.5, 6, 16 ], "texture": "#texture" },
				"south": { "uv": [ 10, 1.5, 12.5, 16 ], "texture": "#texture" },
				"west": { "uv": [ 7.5, 1.5, 8.5, 16 ], "texture": "#texture" },
				"east": { "uv": [ 7.5, 1.5, 8.5, 16 ], "texture": "#texture" }
			}
		},
		{
			"__comment": "Box9",
			"from": [ 0.5, 0, 7.5 ],
			"to": [ 2.5, 14, 8.5 ],
			"faces": {
				"down": { "uv": [ 0.5, 7.5, 2.5, 8.5 ], "texture": "#texture" },
				"up": { "uv": [ 0.5, 7.5, 2.5, 8.5 ], "texture": "#texture" },
				"north": { "uv": [ 13.5, 2, 15.5, 16 ], "texture": "#texture" },
				"south": { "uv": [ 0.5, 2, 2.5, 16 ], "texture": "#texture" },
				"west": { "uv": [ 7.5, 2, 8.5, 16 ], "texture": "#texture" },
				"east": { "uv": [ 7.5, 2, 8.5, 16 ], "texture": "#texture" }
			}
		},
		{
			"__comment": "Box8",
			"from": [ 7, 0, 7.5 ],
			"to": [ 9, 15, 8.5 ],
			"faces": {
				"down": { "uv": [ 7, 7.5, 9, 8.5 ], "texture": "#texture" },
				"up": { "uv": [ 7, 7.5, 9, 8.5 ], "texture": "#texture" },
				"north": { "uv": [ 7, 1, 9, 16 ], "texture": "#texture" },
				"south": { "uv": [ 7, 1, 9, 16 ], "texture": "#texture" },
				"west": { "uv": [ 7.5, 1, 8.5, 16 ], "texture": "#texture" },
				"east": { "uv": [ 7.5, 1, 8.5, 16 ], "texture": "#texture" }
			}
		}
	],
	"display": {
		"gui": {
			"rotation":  [ 30, 45, 0 ],
            "translation": [ 0, 0.5, 0 ],
			"scale":  [ 0.8, 0.8, 0.8 ]
		},
		"fixed": {
			"rotation":  [ 0, 0, 0 ],
			"scale":  [ 0.5, 0.5, 0.5 ]
		},
        "thirdperson_righthand": {
            "rotation": [ 75, 45, 0 ],
            "translation": [ 0, 2.5, 0],
            "scale": [ 0.375, 0.375, 0.375 ]
        },
        "firstperson_righthand": {
            "rotation": [ 0, 135, 0 ],
            "translation": [ 0, 1, 0 ],
            "scale": [ 0.30, 0.40, 0.30 ]
        },
        "firstperson_lefthand": {
            "rotation": [ 0, 135, 0 ],
            "translation": [ 0, 1, 0 ],
            "scale": [ 0.30, 0.40, 0.30 ]
        }
    }
}