{
	"__comment": "Designed by Filmjolk",
	"parent": "block/block",
	"textures": {
		"particle": "block/acacia_fence",
		"texture": "block/acacia_fence",
		"texture1": "block/acacia_fence2"
	},
	"elements": [ 	 
		{
			"__comment": "Box8",
			"from": [ 7.5, 0, 4 ],
			"to": [ 8.5, 12, 6 ],
			"faces": {
				"down": { "uv": [ 7.5, 10, 8.5, 12 ], "texture": "#texture" },
				"up": { "uv": [ 7.5, 4, 8.5, 6 ], "texture": "#texture" },
				"north": { "uv": [ 7.5, 4, 8.5, 16 ], "texture": "#texture" },
				"south": { "uv": [ 7.5, 4, 8.5, 16 ], "texture": "#texture" },
				"west": { "uv": [ 4, 4, 6, 16 ], "texture": "#texture" },
				"east": { "uv": [ 10, 4, 12, 16 ], "texture": "#texture" }
			}
		},
		{
			"__comment": "Box9",
			"from": [ 7.5, 0, 0.5 ],
			"to": [ 8.5, 13, 3 ],
			"faces": {
				"down": { "uv": [ 7.5, 13, 8.5, 15.5 ], "texture": "#texture" },
				"up": { "uv": [ 7.5, 0.5, 8.5, 3 ], "texture": "#texture" },
				"north": { "uv": [ 7.5, 3, 8.5, 16 ], "texture": "#texture" },
				"south": { "uv": [ 7.5, 3, 8.5, 16 ], "texture": "#texture" },
				"west": { "uv": [ 0.5, 3, 3, 16 ], "texture": "#texture" },
				"east": { "uv": [ 13, 3, 15.5, 16 ], "texture": "#texture" }
			}
		},
		{
			"__comment": "Box10",
			"from": [ 7.75, 1.125, 0 ],
			"to": [ 8.25, 2.125, 6.75 ],
			"faces": {
				"down": { "uv": [ 7.75, 9.25, 8.25, 16 ], "texture": "#texture1" },
				"up": { "uv": [ 7.75, 0, 8.25, 6.75 ], "texture": "#texture1" },
				"north": { "uv": [ 7.75, 13.875, 8.25, 14.875 ], "texture": "#texture1" },
				"west": { "uv": [ 0, 13.875, 6.75, 14.875 ], "texture": "#texture1" },
				"east": { "uv": [ 9.25, 13.875, 16, 14.875 ], "texture": "#texture1" }
			}
		},
		{
			"__comment": "Box10",
			"from": [ 7.75, 10.625, 0 ],
			"to": [ 8.25, 11.625, 6.75 ],
			"faces": {
				"down": { "uv": [ 7.75, 9.25, 8.25, 16 ], "texture": "#texture1" },
				"up": { "uv": [ 7.75, 0, 8.25, 6.75 ], "texture": "#texture1" },
				"north": { "uv": [ 7.75, 4.375, 8.25, 5.375 ], "texture": "#texture1" },
				"west": { "uv": [ 0, 4.375, 6.75, 5.375 ], "texture": "#texture1" },
				"east": { "uv": [ 9.25, 4.375, 16, 5.375 ], "texture": "#texture1" }
			}
		}
	]
}