{
	"__comment": "Designed by Filmjolk",
	"parent": "block/block",
	"textures": {
		"particle": "block/acacia_fence",
		"texture": "block/acacia_fence"
	},
	"elements": [ 	 
		{
			"__comment": "Box1",
			"from": [ 6.75, -2.25, 6.75 ],
			"to": [ 9.25, 14.75, 9.25 ],
			"faces": {
				"down": { "uv": [ 6.75, 6.75, 9.25, 9.25 ], "texture": "#texture" },
				"up": { "uv": [ 6.75, 6.75, 9.25, 9.25 ], "texture": "#texture" },
				"north": { "uv": [ 6.75, 1.25, 9.25, 16 ], "texture": "#texture" },
				"south": { "uv": [ 6.75, 1.25, 9.25, 16 ], "texture": "#texture" },
				"west": { "uv": [ 6.75, 1.25, 9.25, 16 ], "texture": "#texture" },
				"east": { "uv": [ 6.75, 1.25, 9.25, 16 ], "texture": "#texture" }
			}
		},
		{
			"__comment": "Box2",
			"from": [ 7.25, 14.75, 7.25 ],
			"to": [ 8.75, 15.75, 8.75 ],
			"faces": {
				"north": { "uv": [ 7.25, 0.25, 8.75, 1.25 ], "texture": "#texture" },
				"south": { "uv": [ 7.25, 0.25, 8.75, 1.25 ], "texture": "#texture" },
				"west": { "uv": [ 7.25, 0.25, 8.75, 1.25 ], "texture": "#texture" },
				"east": { "uv": [ 7.25, 0.25, 8.75, 1.25 ], "texture": "#texture" }
			}
		},
		{
			"__comment": "Box3",
			"from": [ 6.875, 15.5, 6.875 ],
			"to": [ 9.125, 16, 9.125 ],
			"faces": {
				"down": { "uv": [ 6.875, 6.875, 9.125, 9.125 ], "texture": "#texture" },
				"up": { "uv": [ 6.875, 6.875, 9.125, 9.125 ], "texture": "#texture" },
				"north": { "uv": [ 6.875, 0, 9.125, 0.5 ], "texture": "#texture" },
				"south": { "uv": [ 6.875, 0, 9.125, 0.5 ], "texture": "#texture" },
				"west": { "uv": [ 6.875, 0, 9.125, 0.5 ], "texture": "#texture" },
				"east": { "uv": [ 6.875, 0, 9.125, 0.5 ], "texture": "#texture" }
			}
		},
		{
			"__comment": "Box3",
			"from": [ 7, 15.75, 7 ],
			"to": [ 9, 16.75, 9 ],
			"faces": {
				"up": { "uv": [ 7, 7, 9, 9 ], "texture": "#texture" },
				"north": { "uv": [ 7, 0, 9, 0.25 ], "texture": "#texture" },
				"south": { "uv": [ 7, 0, 9, 0.25 ], "texture": "#texture" },
				"west": { "uv": [ 7, 0, 9, 0.25 ], "texture": "#texture" },
				"east": { "uv": [ 7, 0, 9, 0.25 ], "texture": "#texture" }
			}
		},
		{
			"__comment": "Box3",
			"from": [ 7.5, 17.375, 7.5 ],
			"to": [ 8.5, 17.875, 8.5 ],
			"faces": {
				"up": { "uv": [ 7.5, 7.5, 8.5, 8.5 ], "texture": "#texture" },
				"north": { "uv": [ 7.5, 14.125, 8.5, 14.625 ], "texture": "#texture" },
				"south": { "uv": [ 7.5, 14.125, 8.5, 14.625 ], "texture": "#texture" },
				"west": { "uv": [ 7.5, 14.125, 8.5, 14.625 ], "texture": "#texture" },
				"east": { "uv": [ 7.5, 14.125, 8.5, 14.625 ], "texture": "#texture" }
			}
		},
		{
			"__comment": "Box3",
			"from": [ 7.25, 16.375, 7.25 ],
			"to": [ 8.75, 17.375, 8.75 ],
			"faces": {
				"up": { "uv": [ 7.25, 7.25, 8.75, 8.75 ], "texture": "#texture" },
				"north": { "uv": [ 7.25, 14.625, 8.75, 15.625 ], "texture": "#texture" },
				"south": { "uv": [ 7.25, 14.625, 8.75, 15.625 ], "texture": "#texture" },
				"west": { "uv": [ 7.25, 14.625, 8.75, 15.625 ], "texture": "#texture" },
				"east": { "uv": [ 7.25, 14.625, 8.75, 15.625 ], "texture": "#texture" }
			}
		},
		{
			"__comment": "Box3",
			"from": [ 7.75, 17.75, 7.75 ],
			"to": [ 8.25, 18.25, 8.25 ],
			"faces": {
				"up": { "uv": [ 7.75, 7.75, 8.25, 8.25 ], "texture": "#texture" },
				"north": { "uv": [ 7.75, 13.75, 8.25, 14.25 ], "texture": "#texture" },
				"south": { "uv": [ 7.75, 13.75, 8.25, 14.25 ], "texture": "#texture" },
				"west": { "uv": [ 7.75, 13.75, 8.25, 14.25 ], "texture": "#texture" },
				"east": { "uv": [ 7.75, 13.75, 8.25, 14.25 ], "texture": "#texture" }
			}
		}
	]
}