{
"__comment": "Designed by Filmjolk",
"ambientocclusion": false,
"textures": {
    "particle": "block/rail_normal",
    "texture": "block/rail_normal",
    "rail_activator": "block/rail_activator"
},
"elements": [ 
{
    "from": [ 7.13, 2.91, 2.8 ],
    "to": [ 9, 3.41, 4.05 ],
    "rotation": { "origin": [ 7.13, 3.41, 2.8 ], "axis": "x", "angle": -45 },
    "faces": {
        "down":  { "uv": [ 9.5, 9, 7, 7.5 ], "texture": "#rail_activator" },
        "up":    { "uv": [ 9.5, 9, 7, 7.5 ], "texture": "#rail_activator" },
        "north": { "uv": [ 8.5, 12, 9, 12.5 ], "texture": "#rail_activator" },
        "south": { "uv": [ 8.5, 12, 9, 12.5 ], "texture": "#rail_activator" },
        "west":  { "uv": [ 8.5, 12, 9, 12.5 ], "texture": "#rail_activator" },
        "east":  { "uv": [ 8.5, 12, 9, 12.5 ], "texture": "#rail_activator" }
    }
},
{
    "from": [ 7.13, 7.41, 7.18 ],
    "to": [ 9, 7.91, 8.43 ],
    "rotation": { "origin": [ 7.13, 7.91, 7.18 ], "axis": "x", "angle": -45 },
    "faces": {
        "down":  { "uv": [ 9.5, 9, 7, 7.5 ], "texture": "#rail_activator" },
        "up":    { "uv": [ 9.5, 9, 7, 7.5 ], "texture": "#rail_activator" },
        "north": { "uv": [ 8.5, 12, 9, 12.5 ], "texture": "#rail_activator" },
        "south": { "uv": [ 8.5, 12, 9, 12.5 ], "texture": "#rail_activator" },
        "west":  { "uv": [ 8.5, 12, 9, 12.5 ], "texture": "#rail_activator" },
        "east":  { "uv": [ 8.5, 12, 9, 12.5 ], "texture": "#rail_activator" }
    }
},
{
    "from": [ 7.13, 12.41, 12.05 ],
    "to": [ 9, 12.91, 13.3 ],
    "rotation": { "origin": [ 7.13, 12.91, 12.05 ], "axis": "x", "angle": -45 },
    "faces": {
        "down":  { "uv": [ 9.5, 9, 7, 7.5 ], "texture": "#rail_activator" },
        "up":    { "uv": [ 9.5, 9, 7, 7.5 ], "texture": "#rail_activator" },
        "north": { "uv": [ 8.5, 12, 9, 12.5 ], "texture": "#rail_activator" },
        "south": { "uv": [ 8.5, 12, 9, 12.5 ], "texture": "#rail_activator" },
        "west":  { "uv": [ 8.5, 12, 9, 12.5 ], "texture": "#rail_activator" },
        "east":  { "uv": [ 8.5, 12, 9, 12.5 ], "texture": "#rail_activator" }
    }
},
{
    "from": [ 6.5, 2.16, 2.43 ],
    "to": [ 9.63, 2.66, 5.18 ],
    "rotation": { "origin": [ 6.5, 2.66, 2.43 ], "axis": "x", "angle": -45 },
    "faces": {
        "down":  { "uv": [ 10.5, 10, 6, 6.5 ], "texture": "#rail_activator" },
        "up":    { "uv": [ 10.5, 10, 6, 6.5 ], "texture": "#rail_activator" },
        "north": { "uv": [ 8.5, 12, 9, 12.5 ], "texture": "#rail_activator" },
        "south": { "uv": [ 8.5, 12, 9, 12.5 ], "texture": "#rail_activator" },
        "west":  { "uv": [ 8.5, 12, 9, 12.5 ], "texture": "#rail_activator" },
        "east":  { "uv": [ 8.5, 12, 9, 12.5 ], "texture": "#rail_activator" }
    }
},
{
    "from": [ 6.5, 6.66, 6.8 ],
    "to": [ 9.63, 7.16, 9.55 ],
    "rotation": { "origin": [ 6.5, 7.16, 6.8 ], "axis": "x", "angle": -45 },
    "faces": {
        "down":  { "uv": [ 10.5, 10, 6, 6.5 ], "texture": "#rail_activator" },
        "up":    { "uv": [ 10.5, 10, 6, 6.5 ], "texture": "#rail_activator" },
        "north": { "uv": [ 8.5, 12, 9, 12.5 ], "texture": "#rail_activator" },
        "south": { "uv": [ 8.5, 12, 9, 12.5 ], "texture": "#rail_activator" },
        "west":  { "uv": [ 8.5, 12, 9, 12.5 ], "texture": "#rail_activator" },
        "east":  { "uv": [ 8.5, 12, 9, 12.5 ], "texture": "#rail_activator" }
    }
},
{
    "from": [ 6.5, 11.66, 11.8 ],
    "to": [ 9.63, 12.16, 14.55 ],
    "rotation": { "origin": [ 6.5, 12.16, 11.8 ], "axis": "x", "angle": -45 },
    "faces": {
        "down":  { "uv": [ 10.5, 10, 6, 6.5 ], "texture": "#rail_activator" },
        "up":    { "uv": [ 10.5, 10, 6, 6.5 ], "texture": "#rail_activator" },
        "north": { "uv": [ 8.5, 12, 9, 12.5 ], "texture": "#rail_activator" },
        "south": { "uv": [ 8.5, 12, 9, 12.5 ], "texture": "#rail_activator" },
        "west":  { "uv": [ 8.5, 12, 9, 12.5 ], "texture": "#rail_activator" },
        "east":  { "uv": [ 8.5, 12, 9, 12.5 ], "texture": "#rail_activator" }
    }
},
{
    "from": [ 1, 12.03, 12.55 ],
    "to": [ 15, 12.53, 13.8 ],
    "rotation": { "origin": [ 1, 12.53, 12.55 ], "axis": "x", "angle": -45 },
    "faces": {
        "down":  { "uv": [ 1, 14.5, 15, 13 ], "texture": "#texture" },
        "up":    { "uv": [ 1, 13, 15, 14.5 ], "texture": "#texture" },
        "north": { "uv": [ 4.5, 14.5, 11.5, 15 ], "texture": "#texture" },
        "south": { "uv": [ 4.5, 14.5, 11.5, 15 ], "texture": "#texture" },
        "west":  { "uv": [ 7.5, 14.5, 9.5, 15 ], "texture": "#texture" },
        "east":  { "uv": [ 7, 14.5, 9, 15 ], "texture": "#texture" }
    }
},
{
    "from": [ 1, 7.03, 7.55 ],
    "to": [ 15, 7.53, 8.8 ],
    "rotation": { "origin": [ 1, 7.53, 7.55 ], "axis": "x", "angle": -45 },
    "faces": {
        "down":  { "uv": [ 1, 9, 15, 7.5 ], "texture": "#texture" },
        "up":    { "uv": [ 1, 7.5, 15, 9 ], "texture": "#texture" },
        "north": { "uv": [ 4.5, 14.5, 11.5, 15 ], "texture": "#texture" },
        "south": { "uv": [ 4.5, 14.5, 11.5, 15 ], "texture": "#texture" },
        "west":  { "uv": [ 7.5, 14.5, 9.5, 15 ], "texture": "#texture" },
        "east":  { "uv": [ 7, 14.5, 9, 15 ], "texture": "#texture" }
    }
},
{
    "from": [ 1, 2.53, 3.05 ],
    "to": [ 15, 3.03, 4.3 ],
    "rotation": { "origin": [ 1, 3.03, 3.05 ], "axis": "x", "angle": -45 },
    "faces": {
        "down":  { "uv": [ 1, 3.5, 15, 2 ], "texture": "#texture" },
        "up":    { "uv": [ 1, 2, 15, 3.5 ], "texture": "#texture" },
        "north": { "uv": [ 4.5, 14.5, 11.5, 15 ], "texture": "#texture" },
        "south": { "uv": [ 4.5, 14.5, 11.5, 15 ], "texture": "#texture" },
        "west":  { "uv": [ 7.5, 14.5, 9.5, 15 ], "texture": "#texture" },
        "east":  { "uv": [ 7, 14.5, 9, 15 ], "texture": "#texture" }
    }
},
{
    "from": [ 1.5, 2.28, 2.8 ],
    "to": [ 14.5, 2.78, 4.8 ],
    "rotation": { "origin": [ 1.5, 2.78, 2.8 ], "axis": "x", "angle": -45 },
    "faces": {
        "down":  { "uv": [ 1.5, 4, 14.5, 1.5 ], "texture": "#texture" },
        "up":    { "uv": [ 1.5, 1.5, 14.5, 4 ], "texture": "#texture" },
        "north": { "uv": [ 4.5, 14.5, 11.5, 15 ], "texture": "#texture" },
        "south": { "uv": [ 4.5, 14.5, 11.5, 15 ], "texture": "#texture" },
        "west":  { "uv": [ 7.5, 14.5, 9.5, 15 ], "texture": "#texture" },
        "east":  { "uv": [ 7.5, 14.5, 9.5, 15 ], "texture": "#texture" }
    }
},
{
    "from": [ 1.5, 6.78, 7.3 ],
    "to": [ 14.5, 7.28, 9.3 ],
    "rotation": { "origin": [ 1.5, 7.28, 7.3 ], "axis": "x", "angle": -45 },
    "faces": {
        "down":  { "uv": [ 1.5, 9.5, 14.5, 7 ], "texture": "#texture" },
        "up":    { "uv": [ 1.5, 7, 14.5, 9.5 ], "texture": "#texture" },
        "north": { "uv": [ 4.5, 14.5, 11.5, 15 ], "texture": "#texture" },
        "south": { "uv": [ 4.5, 14.5, 11.5, 15 ], "texture": "#texture" },
        "west":  { "uv": [ 7, 14.5, 9, 15 ], "texture": "#texture" },
        "east":  { "uv": [ 7.5, 14.5, 9.5, 15 ], "texture": "#texture" }
    }
},
{
    "from": [ 1.5, 11.78, 12.3 ],
    "to": [ 14.5, 12.28, 14.3 ],
    "rotation": { "origin": [ 1.5, 12.28, 12.3 ], "axis": "x", "angle": -45 },
    "faces": {
        "down":  { "uv": [ 1.5, 15, 14.5, 12.5 ], "texture": "#texture" },
        "up":    { "uv": [ 1.5, 12.5, 14.5, 15 ], "texture": "#texture" },
        "north": { "uv": [ 4.5, 14.5, 11.5, 15 ], "texture": "#texture" },
        "south": { "uv": [ 4.5, 14.5, 11.5, 15 ], "texture": "#texture" },
        "west":  { "uv": [ 7.5, 14.5, 9.5, 15 ], "texture": "#texture" },
        "east":  { "uv": [ 7, 14.5, 9, 15 ], "texture": "#texture" }
    }
},
{
    "from": [ 11.5, -0.22, -0.2 ],
    "to": [ 13, 0.78, 22.8 ],
    "rotation": { "origin": [ 11.5, 0.78, -0.2 ], "axis": "x", "angle": -45 },
    "faces": {
        "down":  { "uv": [ 11.5, 16, 13, 0 ], "texture": "#texture" },
        "up":    { "uv": [ 11.5, 0, 13, 16 ], "texture": "#texture" },
        "north": { "uv": [ 3, 15, 3.5, 15.5 ], "texture": "#texture" },
        "south": { "uv": [ 11.5, 15, 12, 15.5 ], "texture": "#texture" },
        "west":  { "uv": [ 3, 8, 3.5, 8.5 ], "rotation": 90, "texture": "#texture" },
        "east":  { "uv": [ 4, 8, 4.5, 8.5 ], "texture": "#texture" }
    }
},
{
    "from": [ 3, -0.22, -0.2 ],
    "to": [ 4.5, 0.78, 22.8 ],
    "rotation": { "origin": [ 3, 0.78, -0.2 ], "axis": "x", "angle": -45 },
    "faces": {
        "down":  { "uv": [ 3, 16, 4.5, 0 ], "texture": "#texture" },
        "up":    { "uv": [ 3, 0, 4.5, 16 ], "texture": "#texture" },
        "north": { "uv": [ 11.5, 15, 12, 15.5 ], "texture": "#texture" },
        "south": { "uv": [ 4, 11.5, 4.5, 12 ], "texture": "#texture" },
        "west":  { "uv": [ 3, 14, 3.5, 13.5 ], "rotation": 90, "texture": "#texture" },
        "east":  { "uv": [ 4, 8.5, 4.5, 8 ], "texture": "#texture" }
    }
}
]
}