{
	"__comment": "Designed by Filmjolk",
	"textures": {
		"particle": "block/birch_fence",
		"texture": "block/birch_fence"
	},
	"elements": [
		{
			"__comment": "Cube1",
			"from": [ 11.625, 12, 7.25 ],
			"to": [ 14.09375, 14.46875, 8.75 ],
			"rotation": { "origin": [ 11.625, 12, 7.25 ], "axis": "z", "angle": -45 },
			"faces": {
				"down": { "uv": [ 0.5, 6.5, 4, 8.5 ], "texture": "#texture" },
				"up": { "uv": [ 0.5, 7.5, 4, 9.5 ], "texture": "#texture" },
				"north": { "uv": [ 12, 0, 15.5, 2.5 ], "texture": "#texture" },
				"south": { "uv": [ 0.5, 0, 4, 2.5 ], "texture": "#texture" },
				"west": { "uv": [ 7.5, 0, 9.5, 2.5 ], "texture": "#texture" },
				"east": { "uv": [ 6.5, 0, 8.5, 2.5 ], "texture": "#texture" }
			}
		},
		{
			"__comment": "Cube1",
			"from": [ 6.25, 0.5, 7.25 ],
			"to": [ 9.75, 12, 8.75 ],
			"faces": {
				"down": { "uv": [ 6.25, 7.25, 9.75, 8.75 ], "texture": "#texture" },
				"up": { "uv": [ 6.25, 7.25, 9.75, 8.75 ], "texture": "#texture" },
				"north": { "uv": [ 6.25, 4, 9.75, 15.5 ], "texture": "#texture" },
				"south": { "uv": [ 6.25, 4, 9.75, 15.5 ], "texture": "#texture" },
				"west": { "uv": [ 7.25, 4, 8.75, 15.5 ], "texture": "#texture" },
				"east": { "uv": [ 7.25, 4, 8.75, 15.5 ], "texture": "#texture" }
			}
		},
		{
			"__comment": "Cube8",
			"from": [ 0, 7.75, 7.75 ],
			"to": [ 16, 9.5, 8.25 ],
			"faces": {
				"down": { "uv": [ 0, 7.75, 16, 8.25 ], "texture": "#texture" },
				"up": { "uv": [ 0, 7.75, 16, 8.25 ], "texture": "#texture" },
				"north": { "uv": [ 0, 6.5, 16, 8.25 ], "texture": "#texture" },
				"south": { "uv": [ 0, 6.5, 16, 8.25 ], "texture": "#texture" },
				"west": { "uv": [ 7.75, 6.5, 8.25, 8.25 ], "texture": "#texture" },
				"east": { "uv": [ 7.75, 6.5, 8.25, 8.25 ], "texture": "#texture" }
			}
		},
		{
			"__comment": "Cube8",
			"from": [ 0, 2.75, 7.75 ],
			"to": [ 16, 4.5, 8.25 ],
			"faces": {
				"down": { "uv": [ 0, 7.75, 16, 8.25 ], "texture": "#texture" },
				"up": { "uv": [ 0, 7.75, 16, 8.25 ], "texture": "#texture" },
				"north": { "uv": [ 0, 11.5, 16, 13.25 ], "texture": "#texture" },
				"south": { "uv": [ 0, 11.5, 16, 13.25 ], "texture": "#texture" },
				"west": { "uv": [ 7.75, 11.5, 8.25, 13.25 ], "texture": "#texture" },
				"east": { "uv": [ 7.75, 11.5, 8.25, 13.25 ], "texture": "#texture" }
			}
		},
		{
			"__comment": "Cube1",
			"from": [ 0.875, 0.5, 7.25 ],
			"to": [ 4.375, 12, 8.75 ],
			"faces": {
				"down": { "uv": [ 0.875, 7.25, 4.375, 8.75 ], "texture": "#texture" },
				"up": { "uv": [ 0.875, 7.25, 4.375, 8.75 ], "texture": "#texture" },
				"north": { "uv": [ 11.625, 4, 15.125, 15.5 ], "texture": "#texture" },
				"south": { "uv": [ 0.875, 4, 4.375, 15.5 ], "texture": "#texture" },
				"west": { "uv": [ 7.25, 4, 8.75, 15.5 ], "texture": "#texture" },
				"east": { "uv": [ 7.25, 4, 8.75, 15.5 ], "texture": "#texture" }
			}
		},
		{
			"__comment": "Cube1",
			"from": [ 11.625, 0.5, 7.25 ],
			"to": [ 15.125, 12, 8.75 ],
			"faces": {
				"down": { "uv": [ 11.625, 7.25, 15.125, 8.75 ], "texture": "#texture" },
				"up": { "uv": [ 11.625, 7.25, 15.125, 8.75 ], "texture": "#texture" },
				"north": { "uv": [ 0.875, 4, 4.375, 15.5 ], "texture": "#texture" },
				"south": { "uv": [ 11.625, 4, 15.125, 15.5 ], "texture": "#texture" },
				"west": { "uv": [ 7.25, 4, 8.75, 15.5 ], "texture": "#texture" },
				"east": { "uv": [ 7.25, 4, 8.75, 15.5 ], "texture": "#texture" }
			}
		},
		{
			"__comment": "Cube1",
			"from": [ 0.875, 12, 7.25 ],
			"to": [ 3.34375, 14.5, 8.75 ],
			"rotation": { "origin": [ 0.875, 12, 7.25 ], "axis": "z", "angle": -45 },
			"faces": {
				"down": { "uv": [ 0.5, 6.5, 4, 8.5 ], "texture": "#texture" },
				"up": { "uv": [ 0.5, 7.5, 4, 9.5 ], "texture": "#texture" },
				"north": { "uv": [ 12, 0, 15.5, 2.5 ], "texture": "#texture" },
				"south": { "uv": [ 0.5, 0, 4, 2.5 ], "texture": "#texture" },
				"west": { "uv": [ 7.5, 0, 9.5, 2.5 ], "texture": "#texture" },
				"east": { "uv": [ 6.5, 0, 8.5, 2.5 ], "texture": "#texture" }
			}
		},
		{
			"__comment": "Cube1",
			"from": [ 6.25, 12, 7.25 ],
			"to": [ 8.71875, 14.46875, 8.75 ],
			"rotation": { "origin": [ 6.25, 12, 7.25 ], "axis": "z", "angle": -45 },
			"faces": {
				"down": { "uv": [ 0.5, 6.5, 4, 8.5 ], "texture": "#texture" },
				"up": { "uv": [ 0.5, 7.5, 4, 9.5 ], "texture": "#texture" },
				"north": { "uv": [ 12, 0, 15.5, 2.5 ], "texture": "#texture" },
				"south": { "uv": [ 0.5, 0, 4, 2.5 ], "texture": "#texture" },
				"west": { "uv": [ 7.5, 0, 9.5, 2.5 ], "texture": "#texture" },
				"east": { "uv": [ 6.5, 0, 8.5, 2.5 ], "texture": "#texture" }
			}
		}
	]
}