{
	"__comment": "Designed by Filmjolk",
	"parent": "block/block",
	"textures": {
		"particle": "block/birch_fence",
		"texture": "block/birch_fence"
	},
	"elements": [ 	 
		{
			"__comment": "Cube1",
			"from": [ 1, 12, 7.25 ],
			"to": [ 3.5, 14.5, 8.75 ],
			"rotation": { "origin": [ 1, 12, 7.25 ], "axis": "z", "angle": -45 },
			"faces": {
				"down": { "uv": [ 5, 3, 7.5, 4.5 ], "texture": "#texture" },
				"up": { "uv": [ 5, 3, 7.5, 4.5 ], "texture": "#texture" },
				"north": { "uv": [ 4.5, 0, 7.5, 3 ], "texture": "#texture" },
				"south": { "uv": [ 4.5, 0, 7.5, 3 ], "texture": "#texture", "rotation": 270 },
				"west": { "uv": [ 5, 3, 7.5, 4.5 ], "texture": "#texture", "rotation": 270 },
				"east": { "uv": [ 7.5, 1.5, 9, 4 ], "texture": "#texture" }
			}
		},
		{
			"__comment": "Cube1",
			"from": [ 1, 0.5, 7.25 ],
			"to": [ 4.5, 12, 8.75 ],
			"faces": {
				"down": { "uv": [ 5, 3, 7.5, 4.5 ], "texture": "#texture" },
				"up": { "uv": [ 5, 3, 7.5, 4.5 ], "texture": "#texture" },
				"north": { "uv": [ 4.5, 4.5, 8, 16 ], "texture": "#texture" },
				"south": { "uv": [ 4.5, 4.5, 8, 16 ], "texture": "#texture" },
				"west": { "uv": [ 5, 3, 7.5, 4.5 ], "texture": "#texture", "rotation": 90 },
				"east": { "uv": [ 5, 3, 7.5, 4.5 ], "texture": "#texture", "rotation": 90 }
			}
		},
		{
			"__comment": "Cube8",
			"from": [ 0, 7.75, 7.75 ],
			"to": [ 6, 9.5, 8.25 ],
			"faces": {
				"down": { "uv": [ 15, 15.5, 15.5, 16 ], "texture": "#texture" },
				"up": { "uv": [ 15.5, 15.5, 16, 16 ], "texture": "#texture" },
				"north": { "uv": [ 8.5, 9, 10.5, 16 ], "texture": "#texture", "rotation": 90 },
				"south": { "uv": [ 10.5, 9.5, 8.5, 16 ], "texture": "#texture", "rotation": 270 },
				"west": { "uv": [ 8, 6.5, 8.5, 8.25 ], "texture": "#texture" },
				"east": { "uv": [ 8, 6.5, 8.5, 8.25 ], "texture": "#texture" }
			}
		},
		{
			"__comment": "Cube8",
			"from": [ 0, 2.75, 7.75 ],
			"to": [ 6, 4.5, 8.25 ],
			"faces": {
				"down": { "uv": [ 15, 15.5, 15.5, 16 ], "texture": "#texture" },
				"up": { "uv": [ 15.5, 15.5, 16, 16 ], "texture": "#texture" },
				"north": { "uv": [ 8.5, 8.999999, 10.5, 16 ], "texture": "#texture", "rotation": 90 },
				"south": { "uv": [ 10.5, 8.999999, 8.5, 16 ], "texture": "#texture", "rotation": 270 },
				"west": { "uv": [ 8, 11.5, 8.5, 13.25 ], "texture": "#texture" },
				"east": { "uv": [ 8, 11.5, 8.5, 13.25 ], "texture": "#texture" }
			}
		}
	]
}