{
	"__comment": "Designed by Filmjolk",
	"textures": {
		"particle": "block/birch_door_top",
		"bottom": "block/birch_door_bottom",
		"top": "block/birch_door_top"
	},
	"elements": [ 	 
		{
			"__comment": "Cube5",
			"from": [ 0, 0, 13 ],
			"to": [ 3, 12, 16 ],
			"faces": {
				"down": { "uv": [ 0, 0, 3, 3 ], "texture": "#top" },
				"north": { "uv": [ 0, 12, 2.5, 12.5 ], "texture": "#top" },
				"south": { "uv": [ 0, 12, 2.5, 12.5 ], "texture": "#top" },
				"west": { "uv": [ 13, 4, 16, 16 ], "texture": "#top" },
				"east": { "uv": [ 16, 4, 13, 16 ], "texture": "#top" }
			}
		},
		{
			"__comment": "Cube5",
			"from": [ -0.5, 13, 0.01 ],
			"to": [ 3.5, 13.5, 15.99 ],
			"faces": {
				"down": { "uv": [ 0, 2.5, 16, 3 ], "texture": "#top" },
				"up": { "uv": [ 0, 2.5, 16, 3 ], "texture": "#top" },
				"north": { "uv": [ 15, 2.5, 16, 3 ], "texture": "#top" },
				"south": { "uv": [ 15, 2.5, 16, 3 ], "texture": "#top" },
				"west": { "uv": [ 0, 2.5, 16, 3 ], "texture": "#top" },
				"east": { "uv": [ 16, 2.5, 0, 3 ], "texture": "#top" }
			}
		},
		{
			"__comment": "Cube5",
			"from": [ 0, 0, 0 ],
			"to": [ 3, 12, 2.5 ],
			"faces": {
				"down": { "uv": [ 0, 14, 3, 16 ], "texture": "#top" },
				"north": { "uv": [ 0, 12, 2.5, 12.5 ], "texture": "#top" },
				"south": { "uv": [ 0, 12, 2.5, 12.5 ], "texture": "#top" },
				"west": { "uv": [ 0, 4, 2.5, 16 ], "texture": "#top" },
				"east": { "uv": [ 2.5, 4, 0, 16 ], "texture": "#top" }
			}
		},
		{
			"__comment": "PlaneX9",
			"from": [ 1.5, 0, 2.5 ],
			"to": [ 1.501, 12, 13 ],
			"faces": {
				"west": { "uv": [ 2.5, 4, 13, 16 ], "texture": "#top" },
				"east": { "uv": [ 13, 4, 2.5, 16 ], "texture": "#top" }
			}
		},
		{
			"__comment": "Cube5",
			"from": [ 0, 12, 0 ],
			"to": [ 3, 16, 16 ],
			"faces": {
				"down": { "uv": [ 0, 12, 2.5, 12.5 ], "texture": "#top", "rotation": 180 },
				"up": { "uv": [ 0, 12, 2.5, 12.5 ], "texture": "#top" },
				"north": { "uv": [ 0, 12, 2.5, 12.5 ], "texture": "#top" },
				"south": { "uv": [ 0, 12, 2.5, 12.5 ], "texture": "#top" },
				"west": { "uv": [ 0, 0, 16, 4 ], "texture": "#top" },
				"east": { "uv": [ 16, 0, 0, 4 ], "texture": "#top" }
			}
		},
		{
			"__comment": "Cube11",
			"from": [ -1.25, 0, 14 ],
			"to": [ -0.75, 2.5, 15.5 ],
			"faces": {
				"down": { "uv": [ 12.5, 14, 14, 14.5 ], "texture": "#bottom", "rotation": 270 },
				"up": { "uv": [ 14, 14, 12.5, 14.5 ], "texture": "#bottom", "rotation": 270 },
				"north": { "uv": [ 15, 0, 15.5, 2.5 ], "texture": "#bottom" },
				"south": { "uv": [ 15, 0, 15.5, 2.5 ], "texture": "#bottom" },
				"west": { "uv": [ 3, 13, 6, 14.5 ], "texture": "#bottom", "rotation": 270 },
				"east": { "uv": [ 12.5, 13.5, 13.5, 14.5 ], "texture": "#bottom" }
			}
		},
		{
			"__comment": "Cube11",
			"from": [ -0.75, 0, 15 ],
			"to": [ 3.75, 2.5, 15.5 ],
			"faces": {
				"down": { "uv": [ 15, 1, 15.25, 1.5 ], "texture": "#bottom" },
				"up": { "uv": [ 15, 1.5, 15.25, 2 ], "texture": "#bottom" },
				"north": { "uv": [ 15, 0, 15.25, 2.5 ], "texture": "#bottom" },
				"south": { "uv": [ 15, 0, 15.25, 2.5 ], "texture": "#bottom" }
			}
		},
		{
			"__comment": "Cube11",
			"from": [ 3.75, 0, 14 ],
			"to": [ 4.25, 2.5, 15.5 ],
			"faces": {
				"down": { "uv": [ 12, 13.5, 13.5, 14 ], "texture": "#bottom", "rotation": 270 },
				"up": { "uv": [ 14, 14, 12.5, 14.5 ], "texture": "#bottom", "rotation": 270 },
				"north": { "uv": [ 15, 0, 15.5, 2.5 ], "texture": "#bottom" },
				"south": { "uv": [ 15, 0, 15.5, 2.5 ], "texture": "#bottom" },
				"west": { "uv": [ 15, 0, 15.5, 2.5 ], "texture": "#bottom" },
				"east": { "uv": [ 6, 13, 3, 14.5 ], "texture": "#bottom", "rotation": 90 }
			}
		}
	]
}