{
	"__comment": "Designed by Filmjolk",
	"parent": "block/block",
	"textures": {
		"particle": "block/birch_fence",
		"texture": "block/birch_fence"
	},
	"elements": [ 	 
		{
			"__comment": "Cube1",
			"from": [ 5.75, 15.25, 5.75 ],
			"to": [ 10.25, 15.75, 10.25 ],
			"faces": {
				"down": { "uv": [ 11.5, 5, 16, 9.5 ], "texture": "#texture" },
				"north": { "uv": [ 11.5, 5, 16, 5.5 ], "texture": "#texture" },
				"south": { "uv": [ 11.5, 5, 16, 5.5 ], "texture": "#texture" },
				"west": { "uv": [ 11.5, 5, 16, 5.5 ], "texture": "#texture" },
				"east": { "uv": [ 11.5, 5, 16, 5.5 ], "texture": "#texture" }
			}
		},
		{
			"__comment": "Cube1",
			"from": [ 6, 0, 6 ],
			"to": [ 10, 15.75, 10 ],
			"faces": {
				"down": { "uv": [ 0, 0, 4, 4 ], "texture": "#texture" },
				"north": { "uv": [ 0, 0.249999, 4, 16 ], "texture": "#texture" },
				"south": { "uv": [ 0, 0.25, 4, 16 ], "texture": "#texture" },
				"west": { "uv": [ 0, 0.25, 4, 16 ], "texture": "#texture" },
				"east": { "uv": [ 0, 0.25, 4, 16 ], "texture": "#texture" }
			}
		},
		{
			"__comment": "Cube1",
			"from": [ 5.5, 15.5, 5.5 ],
			"to": [ 10.5, 16, 10.5 ],
			"faces": {
				"down": { "uv": [ 11, 0, 16, 5 ], "texture": "#texture" },
				"up": { "uv": [ 11, 0, 16, 5 ], "texture": "#texture" },
				"north": { "uv": [ 11, 0, 16, 0.5 ], "texture": "#texture" },
				"south": { "uv": [ 11, 0, 16, 0.5 ], "texture": "#texture" },
				"west": { "uv": [ 11, 0, 16, 0.5 ], "texture": "#texture" },
				"east": { "uv": [ 11, 0, 16, 0.5 ], "texture": "#texture" }
			}
		}
	]
}