{
	"__comment": "Designed by Filmjolk",
	"parent": "block/block",
	"textures": {
		"particle": "block/birch_fence",
		"texture": "block/birch_fence"
	},
	"elements": [ 	 
		{
			"__comment": "Cube1",
			"from": [ 11.625, 12, 7.25 ],
			"to": [ 14.09375, 14.46875, 8.75 ],
			"rotation": { "origin": [ 11.625, 12, 7.25 ], "axis": "z", "angle": -45 },
			"faces": {
				"down": { "uv": [ 5, 3, 7.46875, 4.5 ], "texture": "#texture" },
				"up": { "uv": [ 5, 3, 7.46875, 4.5 ], "texture": "#texture" },
				"north": { "uv": [ 4.5, 0, 7.5, 3 ], "texture": "#texture" },
				"south": { "uv": [ 4.5, 0, 7.5, 3 ], "texture": "#texture", "rotation": 270 },
				"west": { "uv": [ 5, 3, 7.5, 4.5 ], "texture": "#texture", "rotation": 270 },
				"east": { "uv": [ 5, 3, 7.5, 4.5 ], "texture": "#texture", "rotation": 270 }
			}
		},
		{
			"__comment": "Cube1",
			"from": [ 0.25, 0.5, 3.4375 ],
			"to": [ 1.75, 12, 6.9375 ],
			"faces": {
				"down": { "uv": [ 5, 3, 7.5, 4.5 ], "texture": "#texture", "rotation": 90 },
				"up": { "uv": [ 5, 3, 7.5, 4.5 ], "texture": "#texture", "rotation": 90 },
				"north": { "uv": [ 5, 3, 7.5, 4.5 ], "texture": "#texture", "rotation": 270 },
				"south": { "uv": [ 5, 3, 7.5, 4.5 ], "texture": "#texture", "rotation": 270 },
				"west": { "uv": [ 4.5, 4.5, 8, 16 ], "texture": "#texture" },
				"east": { "uv": [ 4.5, 4.5, 8, 16 ], "texture": "#texture" }
			}
		},
		{
			"__comment": "Cube8",
			"from": [ 0.75, 7.75, 0 ],
			"to": [ 1.25, 9.5, 8.25 ],
			"faces": {
				"down": { "uv": [ 15, 15.5, 15.5, 16 ], "texture": "#texture" },
				"up": { "uv": [ 15.5, 15.5, 16, 16 ], "texture": "#texture" },
				"north": { "uv": [ 8.5, 5.5, 10.5, 16 ], "texture": "#texture", "rotation": 90 },
				"south": { "uv": [ 8.5, 5.5, 10.5, 16 ], "texture": "#texture", "rotation": 90 },
				"west": { "uv": [ 8.5, 5.5, 10.5, 16 ], "texture": "#texture", "rotation": 90 },
				"east": { "uv": [ 8.499999, 5.5, 10.5, 16 ], "texture": "#texture", "rotation": 90 }
			}
		},
		{
			"__comment": "Cube8",
			"from": [ 0.75, 2.75, 0 ],
			"to": [ 1.25, 4.5, 8.25 ],
			"faces": {
				"down": { "uv": [ 15, 15.5, 15.5, 16 ], "texture": "#texture" },
				"up": { "uv": [ 15.5, 15.5, 16, 16 ], "texture": "#texture" },
				"north": { "uv": [ 8.5, 5.5, 10.5, 16 ], "texture": "#texture", "rotation": 90 },
				"south": { "uv": [ 8.5, 5.5, 10.5, 16 ], "texture": "#texture", "rotation": 90 },
				"west": { "uv": [ 8.5, 5.5, 10.5, 16 ], "texture": "#texture", "rotation": 90 },
				"east": { "uv": [ 8.5, 5.5, 10.5, 16 ], "texture": "#texture", "rotation": 90 }
			}
		},
		{
			"__comment": "Cube1",
			"from": [ 0.25, 0.5, -1.9375 ],
			"to": [ 1.75, 12, 1.5625 ],
			"faces": {
				"down": { "uv": [ 5, 3, 7.5, 4.5 ], "texture": "#texture", "rotation": 270 },
				"up": { "uv": [ 5, 3, 7.5, 4.5 ], "texture": "#texture", "rotation": 270 },
				"north": { "uv": [ 5, 3, 7.5, 4.5 ], "texture": "#texture", "rotation": 270 },
				"south": { "uv": [ 5, 3, 7.5, 4.5 ], "texture": "#texture", "rotation": 270 },
				"west": { "uv": [ 4.5, 4.5, 8, 16 ], "texture": "#texture" },
				"east": { "uv": [ 4.5, 4.5, 8, 16 ], "texture": "#texture" }
			}
		},
		{
			"__comment": "Cube1",
			"from": [ 11.625, 0.5, 7.25 ],
			"to": [ 15.125, 12, 8.75 ],
			"faces": {
				"down": { "uv": [ 5, 3, 7.5, 4.5 ], "texture": "#texture" },
				"up": { "uv": [ 5, 3, 7.5, 4.5 ], "texture": "#texture" },
				"north": { "uv": [ 4.5, 4.5, 8, 16 ], "texture": "#texture" },
				"south": { "uv": [ 4.5, 4.499999, 8, 16 ], "texture": "#texture" },
				"west": { "uv": [ 5, 3, 7.5, 4.5 ], "texture": "#texture", "rotation": 270 },
				"east": { "uv": [ 5, 3, 7.5, 4.5 ], "texture": "#texture", "rotation": 270 }
			}
		},
		{
			"__comment": "Cube1",
			"from": [ 0.25, 12, -1.9375 ],
			"to": [ 1.75, 14.5, 0.53125 ],
			"rotation": { "origin": [ 1.75, 12, -1.9375 ], "axis": "x", "angle": 45 },
			"faces": {
				"down": { "uv": [ 5, 3, 7.5, 4.5 ], "texture": "#texture", "rotation": 90 },
				"up": { "uv": [ 5, 3, 7.5, 4.5 ], "texture": "#texture", "rotation": 90 },
				"north": { "uv": [ 5, 3, 7.5, 4.5 ], "texture": "#texture", "rotation": 90 },
				"south": { "uv": [ 5, 3, 7.5, 4.5 ], "texture": "#texture", "rotation": 90 },
				"west": { "uv": [ 4.5, 0, 7.5, 3 ], "texture": "#texture", "rotation": 270 },
				"east": { "uv": [ 4.5, 0, 7.5, 3 ], "texture": "#texture" }
			}
		},
		{
			"__comment": "Cube1",
			"from": [ 0.25, 12, 3.4375 ],
			"to": [ 1.75, 14.46875, 5.90625 ],
			"rotation": { "origin": [ 1.75, 12, 3.4375 ], "axis": "x", "angle": 45 },
			"faces": {
				"down": { "uv": [ 5, 3, 7.5, 4.5 ], "texture": "#texture", "rotation": 90 },
				"up": { "uv": [ 5, 3, 7.5, 4.5 ], "texture": "#texture", "rotation": 90 },
				"north": { "uv": [ 5, 3, 7.5, 4.5 ], "texture": "#texture", "rotation": 90 },
				"south": { "uv": [ 5, 3, 7.5, 4.5 ], "texture": "#texture", "rotation": 90 },
				"west": { "uv": [ 4.5, 0, 7.5, 3 ], "texture": "#texture", "rotation": 270 },
				"east": { "uv": [ 4.5, 0, 7.5, 3 ], "texture": "#texture" }
			}
		},
		{
			"__comment": "Cube8",
			"from": [ 0, 7.75, 7.75 ],
			"to": [ 0.75, 9.5, 8.25 ],
			"faces": {
				"down": { "uv": [ 15, 15.5, 15.5, 16 ], "texture": "#texture" },
				"up": { "uv": [ 15.5, 15.5, 16, 16 ], "texture": "#texture" },
				"north": { "uv": [ 8.5, 5.5, 10.5, 16 ], "texture": "#texture", "rotation": 90 },
				"south": { "uv": [ 8.5, 5.5, 10.5, 16 ], "texture": "#texture", "rotation": 90 },
				"west": { "uv": [ 8.5, 5.5, 10.5, 16 ], "texture": "#texture", "rotation": 90 },
				"east": { "uv": [ 8.5, 5.5, 10.5, 16 ], "texture": "#texture", "rotation": 90 }
			}
		},
		{
			"__comment": "Cube8",
			"from": [ 0, 2.75, 7.75 ],
			"to": [ 0.75, 4.5, 8.25 ],
			"faces": {
				"down": { "uv": [ 15, 15.5, 15.5, 16 ], "texture": "#texture" },
				"up": { "uv": [ 15.5, 15.5, 16, 16 ], "texture": "#texture" },
				"north": { "uv": [ 8.5, 5.5, 10.5, 16 ], "texture": "#texture", "rotation": 90 },
				"south": { "uv": [ 8.5, 5.5, 10.5, 16 ], "texture": "#texture", "rotation": 90 },
				"west": { "uv": [ 8.5, 5.5, 10.5, 16 ], "texture": "#texture", "rotation": 90 },
				"east": { "uv": [ 8.5, 5.5, 10.5, 16 ], "texture": "#texture", "rotation": 90 }
			}
		},
		{
			"__comment": "Cube8",
			"from": [ 11.75, 7.75, 7.75 ],
			"to": [ 16, 9.5, 8.25 ],
			"faces": {
				"down": { "uv": [ 15, 15.5, 15.5, 16 ], "texture": "#texture" },
				"up": { "uv": [ 15.5, 15.5, 16, 16 ], "texture": "#texture" },
				"north": { "uv": [ 8.5, 5.499999, 10.5, 16 ], "texture": "#texture", "rotation": 90 },
				"south": { "uv": [ 8.5, 5.5, 10.5, 16 ], "texture": "#texture", "rotation": 90 },
				"west": { "uv": [ 8.5, 5.499999, 10.5, 16 ], "texture": "#texture", "rotation": 90 },
				"east": { "uv": [ 8.5, 5.5, 10.5, 16 ], "texture": "#texture", "rotation": 90 }
			}
		},
		{
			"__comment": "Cube8",
			"from": [ 11.75, 2.75, 7.75 ],
			"to": [ 16, 4.5, 8.25 ],
			"faces": {
				"down": { "uv": [ 15, 15.5, 15.5, 16 ], "texture": "#texture" },
				"up": { "uv": [ 15.5, 15.5, 16, 16 ], "texture": "#texture" },
				"north": { "uv": [ 8.5, 5.5, 10.5, 16 ], "texture": "#texture", "rotation": 90 },
				"south": { "uv": [ 8.5, 5.5, 10.5, 16 ], "texture": "#texture", "rotation": 90 },
				"west": { "uv": [ 8.5, 5.5, 10.5, 16 ], "texture": "#texture", "rotation": 90 },
				"east": { "uv": [ 8.5, 5.5, 10.5, 16 ], "texture": "#texture", "rotation": 90 }
			}
		}
	]
}