{
	"__comment": "Designed by Filmjolk",
	"parent": "block/block",
	"textures": {
		"particle": "block/birch_fence",
		"texture": "block/birch_fence"
	},
	"elements": [ 	 
		{
			"__comment": "Cube1",
			"from": [ 11.625, 12, 7.25 ],
			"to": [ 14.09375, 14.46875, 8.75 ],
			"rotation": { "origin": [ 11.625, 12, 7.25 ], "axis": "z", "angle": -45 },
			"faces": {
				"down": { "uv": [ 5, 3, 7.46875, 4.5 ], "texture": "#texture" },
				"up": { "uv": [ 5, 3, 7.46875, 4.5 ], "texture": "#texture" },
				"north": { "uv": [ 4.5, 0, 7.5, 3 ], "texture": "#texture" },
				"south": { "uv": [ 4.5, 0, 7.5, 3 ], "texture": "#texture", "rotation": 270 },
				"west": { "uv": [ 5, 3, 7.5, 4.5 ], "texture": "#texture", "rotation": 270 },
				"east": { "uv": [ 5, 3, 7.5, 4.5 ], "texture": "#texture", "rotation": 270 }
			}
		},
		{
			"__comment": "Cube1",
			"from": [ 6.25, 0.5, 7.25 ],
			"to": [ 9.75, 12, 8.75 ],
			"faces": {
				"down": { "uv": [ 5, 3, 7.5, 4.5 ], "texture": "#texture" },
				"up": { "uv": [ 5, 3, 7.5, 4.5 ], "texture": "#texture" },
				"north": { "uv": [ 4.5, 4.5, 8, 16 ], "texture": "#texture" },
				"south": { "uv": [ 4.5, 4.5, 8, 16 ], "texture": "#texture" },
				"west": { "uv": [ 5, 3, 7.5, 4.5 ], "texture": "#texture", "rotation": 270 },
				"east": { "uv": [ 5, 3, 7.5, 4.5 ], "texture": "#texture", "rotation": 270 }
			}
		},
		{
			"__comment": "Cube8",
			"from": [ 0, 7.75, 7.75 ],
			"to": [ 16, 9.5, 8.25 ],
			"faces": {
				"down": { "uv": [ 15, 15.5, 15.5, 16 ], "texture": "#texture" },
				"up": { "uv": [ 15.5, 15.5, 16, 16 ], "texture": "#texture" },
				"north": { "uv": [ 8.5, 5.5, 10.5, 16 ], "texture": "#texture", "rotation": 90 },
				"south": { "uv": [ 8.5, 5.5, 10.5, 16 ], "texture": "#texture", "rotation": 90 },
				"west": { "uv": [ 8, 6.5, 8.5, 8.25 ], "texture": "#texture" },
				"east": { "uv": [ 8, 6.5, 8.5, 8.25 ], "texture": "#texture" }
			}
		},
		{
			"__comment": "Cube8",
			"from": [ 0, 2.75, 7.75 ],
			"to": [ 16, 4.5, 8.25 ],
			"faces": {
				"down": { "uv": [ 15, 15.5, 15.5, 16 ], "texture": "#texture" },
				"up": { "uv": [ 15.5, 15.5, 16, 16 ], "texture": "#texture" },
				"north": { "uv": [ 8.5, 5.5, 10.5, 16 ], "texture": "#texture", "rotation": 90 },
				"south": { "uv": [ 8.5, 5.5, 10.5, 16 ], "texture": "#texture", "rotation": 90 },
				"west": { "uv": [ 8, 11.5, 8.5, 13.25 ], "texture": "#texture" },
				"east": { "uv": [ 8, 11.5, 8.5, 13.25 ], "texture": "#texture" }
			}
		},
		{
			"__comment": "Cube1",
			"from": [ 0.875, 0.5, 7.25 ],
			"to": [ 4.375, 12, 8.75 ],
			"faces": {
				"down": { "uv": [ 5, 3, 7.5, 4.5 ], "texture": "#texture" },
				"up": { "uv": [ 5, 3, 7.5, 4.5 ], "texture": "#texture" },
				"north": { "uv": [ 4.5, 4.5, 8, 16 ], "texture": "#texture" },
				"south": { "uv": [ 4.5, 4.5, 8, 16 ], "texture": "#texture" },
				"west": { "uv": [ 5, 3, 7.5, 4.5 ], "texture": "#texture", "rotation": 180 },
				"east": { "uv": [ 5, 3, 7.5, 4.5 ], "texture": "#texture", "rotation": 180 }
			}
		},
		{
			"__comment": "Cube1",
			"from": [ 11.625, 0.5, 7.25 ],
			"to": [ 15.125, 12, 8.75 ],
			"faces": {
				"down": { "uv": [ 5, 3, 7.5, 4.5 ], "texture": "#texture" },
				"up": { "uv": [ 5, 3, 7.5, 4.5 ], "texture": "#texture" },
				"north": { "uv": [ 4.5, 4.5, 8, 16 ], "texture": "#texture" },
				"south": { "uv": [ 4.5, 4.5, 8, 16 ], "texture": "#texture" },
				"west": { "uv": [ 5, 3, 7.5, 4.5 ], "texture": "#texture" },
				"east": { "uv": [ 5, 3, 7.5, 4.5 ], "texture": "#texture" }
			}
		},
		{
			"__comment": "Cube1",
			"from": [ 0.875, 12, 7.25 ],
			"to": [ 3.34375, 14.5, 8.75 ],
			"rotation": { "origin": [ 0.875, 12, 7.25 ], "axis": "z", "angle": -45 },
			"faces": {
				"down": { "uv": [ 5, 3, 7.46875, 4.5 ], "texture": "#texture" },
				"up": { "uv": [ 5, 3, 7.46875, 4.5 ], "texture": "#texture" },
				"north": { "uv": [ 4.5, 0, 7.5, 3 ], "texture": "#texture" },
				"south": { "uv": [ 4.5, 0, 7.5, 3 ], "texture": "#texture", "rotation": 270 },
				"west": { "uv": [ 5, 3, 7.5, 4.5 ], "texture": "#texture", "rotation": 270 },
				"east": { "uv": [ 5, 3, 7.5, 4.5 ], "texture": "#texture", "rotation": 270 }
			}
		},
		{
			"__comment": "Cube1",
			"from": [ 6.25, 12, 7.25 ],
			"to": [ 8.71875, 14.46875, 8.75 ],
			"rotation": { "origin": [ 6.25, 12, 7.25 ], "axis": "z", "angle": -45 },
			"faces": {
				"down": { "uv": [ 5, 3, 7.46875, 4.5 ], "texture": "#texture" },
				"up": { "uv": [ 5, 3, 7.46875, 4.5 ], "texture": "#texture" },
				"north": { "uv": [ 4.5, 0, 7.5, 3 ], "texture": "#texture" },
				"south": { "uv": [ 4.5, 0, 7.5, 3 ], "texture": "#texture", "rotation": 270 },
				"west": { "uv": [ 5, 3, 7.5, 4.5 ], "texture": "#texture", "rotation": 270 },
				"east": { "uv": [ 5, 3, 7.5, 4.5 ], "texture": "#texture", "rotation": 270 }
			}
		}
	],
	"display": {
		"thirdperson_righthand": {
			"rotation":  [ 75, 45, 0 ],
			"translation":  [ 0, 2.5, 0 ],
			"scale":  [ 0.375, 0.375, 0.375 ]
		},
		"firstperson_righthand": {
			"rotation":  [ 0, 135, 0 ],
			"translation":  [ 0, 1, 0 ],
			"scale":  [ 0.3, 0.4, 0.3 ]
		},
		"firstperson_lefthand": {
			"rotation":  [ 0, 135, 0 ],
			"translation":  [ 0, 1, 0 ],
			"scale":  [ 0.3, 0.4, 0.3 ]
		},
		"gui": {
			"rotation":  [ 30, 45, 0 ],
			"translation":  [ 0, 0.5, 0 ],
			"scale":  [ 0.8, 0.8, 0.8 ]
		},
		"fixed": {
			"scale":  [ 0.5, 0.5, 0.5 ]
		}
	}
}