{
	"__comment": "Designed by Filmjolk",
	"textures": {
		"particle": "block/birch_door_bottom",
		"bottom": "block/birch_door_bottom",
		"top": "block/birch_door_top"
	},
	"elements": [ 	 
		{
			"__comment": "Cube3",
			"from": [ 0, 0, 0 ],
			"to": [ 3, 5.5, 16 ],
			"faces": {
				"down": { "uv": [ 0, 5, 2.5, 9 ], "texture": "#bottom" },
				"up": { "uv": [ 0, 8, 2.5, 9 ], "texture": "#bottom", "rotation": 180 },
				"north": { "uv": [ 0, 4.5, 2.5, 10 ], "texture": "#bottom" },
				"south": { "uv": [ 0, 4, 2.5, 9 ], "texture": "#bottom" },
				"west": { "uv": [ 0, 10.5, 16, 16 ], "texture": "#bottom" },
				"east": { "uv": [ 16, 10.5, 0, 16 ], "texture": "#bottom" }
			}
		},
		{
			"__comment": "Cube3",
			"from": [ -0.5, 1.5, 0.5 ],
			"to": [ 3.5, 3, 14.5 ],
			"faces": {
				"down": { "uv": [ 0.5, 13.5, 14.5, 14.5 ], "texture": "#bottom", "rotation": 270 },
				"up": { "uv": [ 0.5, 13.5, 14.5, 14.5 ], "texture": "#bottom", "rotation": 90 },
				"north": { "uv": [ 11, 13.5, 14.5, 14.5 ], "texture": "#bottom" },
				"south": { "uv": [ 0.5, 13.5, 4, 14.5 ], "texture": "#bottom" },
				"west": { "uv": [ 0.5, 13, 14.5, 14.5 ], "texture": "#bottom" },
				"east": { "uv": [ 0.5, 13, 14.5, 14.5 ], "texture": "#bottom" }
			}
		},
		{
			"__comment": "Cube3",
			"from": [ 0, 5.5, 13 ],
			"to": [ 3, 16, 16 ],
			"faces": {
				"north": { "uv": [ 0, 5, 2.5, 7.5 ], "texture": "#bottom" },
				"south": { "uv": [ 0, 3.5, 2.5, 6 ], "texture": "#bottom" },
				"west": { "uv": [ 13, 0, 16, 10.5 ], "texture": "#bottom" },
				"east": { "uv": [ 16, 0, 13, 10.5 ], "texture": "#bottom" }
			}
		},
		{
			"__comment": "Cube3",
			"from": [ 0, 5.5, 0 ],
			"to": [ 3, 16, 2.5 ],
			"faces": {
				"north": { "uv": [ 0, 3.5, 2.5, 7.5 ], "texture": "#bottom" },
				"south": { "uv": [ 0, 5, 2.5, 7.5 ], "texture": "#bottom" },
				"west": { "uv": [ 0, 0, 2.5, 10.5 ], "texture": "#bottom" },
				"east": { "uv": [ 2.5, 0, 0, 10.5 ], "texture": "#bottom" }
			}
		},
		{
			"__comment": "PlaneX8",
			"from": [ 1.5, 5.5, 2.5 ],
			"to": [ 1.501, 16, 13 ],
			"faces": {
				"west": { "uv": [ 2.5, 0, 13, 10.5 ], "texture": "#bottom" },
				"east": { "uv": [ 13, 0, 2.5, 10.5 ], "texture": "#bottom" }
			}
		},
		{
			"__comment": "Cube11",
			"from": [ -0.75, 13.5, 15 ],
			"to": [ 3.75, 16, 15.5 ],
			"faces": {
				"down": { "uv": [ 15, 1, 15.25, 1.5 ], "texture": "#bottom" },
				"north": { "uv": [ 15, 0, 15.25, 2.5 ], "texture": "#bottom" },
				"south": { "uv": [ 15, 0, 15.25, 2.5 ], "texture": "#bottom" }
			}
		},
		{
			"__comment": "Cube11",
			"from": [ -1.25, 13.5, 14 ],
			"to": [ -0.75, 16, 15.5 ],
			"faces": {
				"down": { "uv": [ 13, 13.5, 14.5, 14 ], "texture": "#bottom", "rotation": 270 },
				"north": { "uv": [ 12, 13.5, 12.5, 14.5 ], "texture": "#bottom" },
				"south": { "uv": [ 12.5, 13.5, 13, 14.5 ], "texture": "#bottom" },
				"west": { "uv": [ 5, 13, 7, 14.5 ], "texture": "#bottom", "rotation": 270 },
				"east": { "uv": [ 6.5, 13.5, 7.5, 14.5 ], "texture": "#bottom" }
			}
		},
		{
			"__comment": "Cube11",
			"from": [ 3.75, 13.5, 14 ],
			"to": [ 4.25, 16, 15.5 ],
			"faces": {
				"down": { "uv": [ 13, 14, 14.5, 14.5 ], "texture": "#bottom", "rotation": 270 },
				"north": { "uv": [ 14, 13, 14.5, 14.5 ], "texture": "#bottom" },
				"south": { "uv": [ 11, 13.5, 11.5, 14.5 ], "texture": "#bottom" },
				"west": { "uv": [ 11.5, 13.5, 13, 14.5 ], "texture": "#bottom" },
				"east": { "uv": [ 6.5, 13, 3.5, 14.5 ], "texture": "#bottom", "rotation": 90 }
			}
		}
	]
}