{
	"__comment": "Designed by Filmjolk",
	"ambientocclusion": false,
	"textures": {
		"particle": "block/brewing_stand_base",
		"stand": "block/brewing_stand",
		"base": "block/brewing_stand_base",
		"Bottle1": "block/brewing_stand_glass_bottle",
		"wood": "block/brewing_stand_base1",
		"drop": "block/brewing_stand_drop",
		"texture": "block/grass_block_top",
		"pink": "block/brewing_stand_bottle_pink",
		"pink_top": "block/brewing_stand_bottle_pink_top",
		"bottle2": "block/brewing_stand_base2",
		"green": "block/brewing_stand_bottle_green",
		"blue": "block/brewing_stand_bottle_blur",
		"drop2": "block/brewing_stand_drop2",
		"drop3": "block/brewing_stand_drop3",
		"bottle_base": "block/brewing_stand_bottle_base"
	},
	"elements": [ 	 
		{
			"__comment": "Box10",
			"from": [ 3.625, 4.5, 4.5625 ],
			"to": [ 4.375, 4.75, 4.8125 ],
			"faces": {
				"down": { "uv": [ 12.8438, 7.1875, 13.5938, 7.4375 ], "texture": "#pink_top" },
				"up": { "uv": [ 12.8438, 8.5625, 13.5938, 8.8125 ], "texture": "#pink_top" },
				"north": { "uv": [ 2.4062, 12.25, 3.1562, 12.5 ], "texture": "#pink" },
				"south": { "uv": [ 12.8438, 12.25, 13.5938, 12.5 ], "texture": "#pink" },
				"west": { "uv": [ 8.5625, 12.25, 8.8125, 12.5 ], "texture": "#pink" },
				"east": { "uv": [ 7.1875, 12.25, 7.4375, 12.5 ], "texture": "#pink" }
			}
		},
		{
			"__comment": "Box10",
			"from": [ 4.1875, 4.5, 4.4375 ],
			"to": [ 4.5625, 4.75, 4.6875 ],
			"faces": {
				"down": { "uv": [ 13.4062, 7.3125, 13.7812, 7.5625 ], "texture": "#pink_top" },
				"up": { "uv": [ 13.4062, 8.4375, 13.7812, 8.6875 ], "texture": "#pink_top" },
				"north": { "uv": [ 2.2188, 12.25, 2.5938, 12.5 ], "texture": "#pink" },
				"south": { "uv": [ 13.4062, 12.25, 13.7812, 12.5 ], "texture": "#pink" },
				"west": { "uv": [ 8.4375, 12.25, 8.6875, 12.5 ], "texture": "#pink" },
				"east": { "uv": [ 7.3125, 12.25, 7.5625, 12.5 ], "texture": "#pink" }
			}
		},
		{
			"__comment": "Box10",
			"from": [ 3.4375, 4.5, 4.4375 ],
			"to": [ 3.8125, 4.75, 4.6875 ],
			"faces": {
				"down": { "uv": [ 12.6562, 7.3125, 13.0312, 7.5625 ], "texture": "#pink_top" },
				"up": { "uv": [ 12.6562, 8.4375, 13.0312, 8.6875 ], "texture": "#pink_top" },
				"north": { "uv": [ 2.9688, 12.25, 3.3438, 12.5 ], "texture": "#pink" },
				"south": { "uv": [ 12.6562, 12.25, 13.0312, 12.5 ], "texture": "#pink" },
				"west": { "uv": [ 8.4375, 12.25, 8.6875, 12.5 ], "texture": "#pink" },
				"east": { "uv": [ 7.3125, 12.25, 7.5625, 12.5 ], "texture": "#pink" }
			}
		},
		{
			"__comment": "Box10",
			"from": [ 3.3125, 4.5, 4.1562 ],
			"to": [ 3.5625, 4.75, 4.5312 ],
			"faces": {
				"down": { "uv": [ 12.5312, 7.468801, 12.7812, 7.843801 ], "texture": "#pink_top" },
				"up": { "uv": [ 12.5312, 8.156199, 12.7812, 8.531199 ], "texture": "#pink_top" },
				"north": { "uv": [ 3.2188, 12.25, 3.4688, 12.5 ], "texture": "#pink" },
				"south": { "uv": [ 12.5312, 12.25, 12.7812, 12.5 ], "texture": "#pink" },
				"west": { "uv": [ 8.156199, 12.25, 8.531199, 12.5 ], "texture": "#pink" },
				"east": { "uv": [ 7.468801, 12.25, 7.843801, 12.5 ], "texture": "#pink" }
			}
		},
		{
			"__comment": "Box10",
			"from": [ 4.4375, 4.5, 4.1562 ],
			"to": [ 4.6875, 4.75, 4.5312 ],
			"faces": {
				"down": { "uv": [ 13.6562, 7.468801, 13.9062, 7.843801 ], "texture": "#pink_top" },
				"up": { "uv": [ 13.6562, 8.156199, 13.9062, 8.531199 ], "texture": "#pink_top" },
				"north": { "uv": [ 2.0938, 12.25, 2.3438, 12.5 ], "texture": "#pink" },
				"south": { "uv": [ 13.6562, 12.25, 13.9062, 12.5 ], "texture": "#pink" },
				"west": { "uv": [ 8.156199, 12.25, 8.531199, 12.5 ], "texture": "#pink" },
				"east": { "uv": [ 7.468801, 12.25, 7.843801, 12.5 ], "texture": "#pink" }
			}
		},
		{
			"__comment": "Box10",
			"from": [ 2.75, 3.5, 3.5 ],
			"to": [ 5.25, 3.75, 4.5 ],
			"faces": {
				"down": { "uv": [ 11.9688, 7.5, 14.4688, 8.5 ], "texture": "#pink_top" },
				"up": { "uv": [ 11.9688, 7.5, 14.4688, 8.5 ], "texture": "#pink_top" },
				"north": { "uv": [ 1.5312, 13.25, 4.0312, 13.5 ], "texture": "#pink" },
				"south": { "uv": [ 11.9688, 13.25, 14.4688, 13.5 ], "texture": "#pink" },
				"west": { "uv": [ 7.5, 13.25, 8.5, 13.5 ], "texture": "#pink" },
				"east": { "uv": [ 7.5, 13.25, 8.5, 13.5 ], "texture": "#pink" }
			}
		},
		{
			"__comment": "Box10",
			"from": [ 3.3125, 4.25, 3.75 ],
			"to": [ 4.6875, 4.5, 4.25 ],
			"faces": {
				"down": { "uv": [ 12.5312, 7.75, 13.9062, 8.25 ], "texture": "#pink_top" },
				"up": { "uv": [ 12.5312, 7.75, 13.9062, 8.25 ], "texture": "#bottle2" },
				"north": { "uv": [ 2.0938, 12.5, 3.4688, 12.75 ], "texture": "#pink" },
				"south": { "uv": [ 12.5312, 12.5, 13.9062, 12.75 ], "texture": "#pink" },
				"west": { "uv": [ 7.75, 12.5, 8.25, 12.75 ], "texture": "#pink" },
				"east": { "uv": [ 7.75, 12.5, 8.25, 12.75 ], "texture": "#pink" }
			}
		},
		{
			"__comment": "Box10",
			"from": [ 3.5, 4.25, 3.5 ],
			"to": [ 4.5, 4.5, 4.5 ],
			"faces": {
				"down": { "uv": [ 12.7188, 7.5, 13.7188, 8.5 ], "texture": "#pink_top" },
				"up": { "uv": [ 12.7188, 7.5, 13.7188, 8.5 ], "texture": "#bottle2" },
				"north": { "uv": [ 2.2812, 12.5, 3.2812, 12.75 ], "texture": "#pink" },
				"south": { "uv": [ 12.7188, 12.5, 13.7188, 12.75 ], "texture": "#pink" },
				"west": { "uv": [ 7.5, 12.5, 8.5, 12.75 ], "texture": "#pink" },
				"east": { "uv": [ 7.5, 12.5, 8.5, 12.75 ], "texture": "#pink" }
			}
		},
		{
			"__comment": "Box10",
			"from": [ 2.4375, 3.25, 3.5 ],
			"to": [ 5.5625, 3.5, 4.5 ],
			"faces": {
				"down": { "uv": [ 11.6562, 7.5, 14.7812, 8.5 ], "texture": "#pink_top" },
				"up": { "uv": [ 11.6562, 7.5, 14.7812, 8.5 ], "texture": "#pink_top" },
				"north": { "uv": [ 1.2188, 13.5, 4.3438, 13.75 ], "texture": "#pink" },
				"south": { "uv": [ 11.6562, 13.5, 14.7812, 13.75 ], "texture": "#pink" },
				"west": { "uv": [ 7.5, 13.5, 8.5, 13.75 ], "texture": "#pink" },
				"east": { "uv": [ 7.5, 13.5, 8.5, 13.75 ], "texture": "#pink" }
			}
		},
		{
			"__comment": "Box10",
			"from": [ 3.25, 3.75, 3.6875 ],
			"to": [ 4.75, 4, 4.3125 ],
			"faces": {
				"down": { "uv": [ 12.4688, 7.6875, 13.9688, 8.3125 ], "texture": "#pink_top" },
				"up": { "uv": [ 12.4688, 7.6875, 13.9688, 8.3125 ], "texture": "#pink_top" },
				"north": { "uv": [ 2.0312, 13, 3.5312, 13.25 ], "texture": "#pink" },
				"south": { "uv": [ 12.4688, 13, 13.9688, 13.25 ], "texture": "#pink" },
				"west": { "uv": [ 7.6875, 13, 8.3125, 13.25 ], "texture": "#pink" },
				"east": { "uv": [ 7.6875, 13, 8.3125, 13.25 ], "texture": "#pink" }
			}
		},
		{
			"__comment": "Box10",
			"from": [ 4.5625, 4.5, 3.625 ],
			"to": [ 4.8125, 4.75, 4.375 ],
			"faces": {
				"down": { "uv": [ 13.7812, 7.625, 14.0312, 8.375 ], "texture": "#pink_top" },
				"up": { "uv": [ 13.7812, 7.625, 14.0312, 8.375 ], "texture": "#pink_top" },
				"north": { "uv": [ 1.9688, 12.25, 2.2188, 12.5 ], "texture": "#pink" },
				"south": { "uv": [ 13.7812, 12.25, 14.0312, 12.5 ], "texture": "#pink" },
				"west": { "uv": [ 7.625, 12.25, 8.375, 12.5 ], "texture": "#pink" },
				"east": { "uv": [ 7.625, 12.25, 8.375, 12.5 ], "texture": "#pink" }
			}
		},
		{
			"__comment": "Box10",
			"from": [ 3.1875, 4, 3.625 ],
			"to": [ 4.8125, 4.25, 4.375 ],
			"faces": {
				"down": { "uv": [ 12.4062, 7.625, 14.0312, 8.375 ], "texture": "#pink_top" },
				"up": { "uv": [ 12.4062, 7.625, 14.0312, 8.375 ], "texture": "#pink_top" },
				"north": { "uv": [ 1.9688, 12.75, 3.5938, 13 ], "texture": "#pink" },
				"south": { "uv": [ 12.4062, 12.75, 14.0312, 13 ], "texture": "#pink" },
				"west": { "uv": [ 7.625, 12.75, 8.375, 13 ], "texture": "#pink" },
				"east": { "uv": [ 7.625, 12.75, 8.375, 13 ], "texture": "#pink" }
			}
		},
		{
			"__comment": "Box10",
			"from": [ 3.1875, 4.5, 3.625 ],
			"to": [ 3.4375, 4.75, 4.375 ],
			"faces": {
				"down": { "uv": [ 12.4062, 7.625, 12.6562, 8.375 ], "texture": "#pink_top" },
				"up": { "uv": [ 12.4062, 7.625, 12.6562, 8.375 ], "texture": "#pink_top" },
				"north": { "uv": [ 3.3438, 12.25, 3.5938, 12.5 ], "texture": "#pink" },
				"south": { "uv": [ 12.4062, 12.25, 12.6562, 12.5 ], "texture": "#pink" },
				"west": { "uv": [ 7.625, 12.25, 8.375, 12.5 ], "texture": "#pink" },
				"east": { "uv": [ 7.625, 12.25, 8.375, 12.5 ], "texture": "#pink" }
			}
		},
		{
			"__comment": "Box10",
			"from": [ 4.4375, 4.5, 3.4688 ],
			"to": [ 4.6875, 4.75, 3.8438 ],
			"faces": {
				"down": { "uv": [ 13.6562, 8.1562, 13.9062, 8.5312 ], "texture": "#pink_top" },
				"up": { "uv": [ 13.6562, 7.4688, 13.9062, 7.8438 ], "texture": "#pink_top" },
				"north": { "uv": [ 2.0938, 12.25, 2.3438, 12.5 ], "texture": "#pink" },
				"south": { "uv": [ 13.6562, 12.25, 13.9062, 12.5 ], "texture": "#pink" },
				"west": { "uv": [ 7.4688, 12.25, 7.8438, 12.5 ], "texture": "#pink" },
				"east": { "uv": [ 8.1562, 12.25, 8.5312, 12.5 ], "texture": "#pink" }
			}
		},
		{
			"__comment": "Box10",
			"from": [ 3.3125, 4.5, 3.4688 ],
			"to": [ 3.5625, 4.75, 3.8438 ],
			"faces": {
				"down": { "uv": [ 12.5312, 8.1562, 12.7812, 8.5312 ], "texture": "#pink_top" },
				"up": { "uv": [ 12.5312, 7.4688, 12.7812, 7.8438 ], "texture": "#pink_top" },
				"north": { "uv": [ 3.2188, 12.25, 3.4688, 12.5 ], "texture": "#pink" },
				"south": { "uv": [ 12.5312, 12.25, 12.7812, 12.5 ], "texture": "#pink" },
				"west": { "uv": [ 7.4688, 12.25, 7.8438, 12.5 ], "texture": "#pink" },
				"east": { "uv": [ 8.1562, 12.25, 8.5312, 12.5 ], "texture": "#pink" }
			}
		},
		{
			"__comment": "Box10",
			"from": [ 4.1875, 4.5, 3.3125 ],
			"to": [ 4.5625, 4.75, 3.5625 ],
			"faces": {
				"down": { "uv": [ 13.4062, 8.4375, 13.7812, 8.6875 ], "texture": "#pink_top" },
				"up": { "uv": [ 13.4062, 7.3125, 13.7812, 7.5625 ], "texture": "#pink_top" },
				"north": { "uv": [ 2.2188, 12.25, 2.5938, 12.5 ], "texture": "#pink" },
				"south": { "uv": [ 13.4062, 12.25, 13.7812, 12.5 ], "texture": "#pink" },
				"west": { "uv": [ 7.3125, 12.25, 7.5625, 12.5 ], "texture": "#pink" },
				"east": { "uv": [ 8.4375, 12.25, 8.6875, 12.5 ], "texture": "#pink" }
			}
		},
		{
			"__comment": "Box10",
			"from": [ 3.4375, 4.5, 3.3125 ],
			"to": [ 3.8125, 4.75, 3.5625 ],
			"faces": {
				"down": { "uv": [ 12.6562, 8.4375, 13.0312, 8.6875 ], "texture": "#pink_top" },
				"up": { "uv": [ 12.6562, 7.3125, 13.0312, 7.5625 ], "texture": "#pink_top" },
				"north": { "uv": [ 2.9688, 12.25, 3.3438, 12.5 ], "texture": "#pink" },
				"south": { "uv": [ 12.6562, 12.25, 13.0312, 12.5 ], "texture": "#pink" },
				"west": { "uv": [ 7.3125, 12.25, 7.5625, 12.5 ], "texture": "#pink" },
				"east": { "uv": [ 8.4375, 12.25, 8.6875, 12.5 ], "texture": "#pink" }
			}
		},
		{
			"__comment": "Box10",
			"from": [ 3.75, 4.25, 3.3125 ],
			"to": [ 4.25, 4.5, 4.6875 ],
			"faces": {
				"down": { "uv": [ 12.9688, 7.3125, 13.4688, 8.6875 ], "texture": "#pink_top" },
				"up": { "uv": [ 12.9688, 7.3125, 13.4688, 8.6875 ], "texture": "#bottle2" },
				"north": { "uv": [ 2.5312, 12.5, 3.0312, 12.75 ], "texture": "#pink" },
				"south": { "uv": [ 12.9688, 12.5, 13.4688, 12.75 ], "texture": "#pink" },
				"west": { "uv": [ 7.3125, 12.5, 8.6875, 12.75 ], "texture": "#pink" },
				"east": { "uv": [ 7.3125, 12.5, 8.6875, 12.75 ], "texture": "#pink" }
			}
		},
		{
			"__comment": "Box10",
			"from": [ 2.1875, 3, 3.375 ],
			"to": [ 5.8125, 3.25, 4.625 ],
			"faces": {
				"down": { "uv": [ 11.4062, 7.375, 15.0312, 8.625 ], "texture": "#green" },
				"up": { "uv": [ 11.4062, 7.375, 15.0312, 8.625 ], "texture": "#green" },
				"north": { "uv": [ 0.9687996, 13.75, 4.5938, 14 ], "texture": "#green" },
				"south": { "uv": [ 11.4062, 13.75, 15.0312, 14 ], "texture": "#green" },
				"west": { "uv": [ 7.375, 13.75, 8.625, 14 ], "texture": "#green" },
				"east": { "uv": [ 7.375, 13.75, 8.625, 14 ], "texture": "#green" }
			}
		},
		{
			"__comment": "Box10",
			"from": [ 2.125, 2.75, 3.375 ],
			"to": [ 5.875, 3, 4.625 ],
			"faces": {
				"down": { "uv": [ 11.3438, 7.375, 15.0938, 8.625 ], "texture": "#green" },
				"up": { "uv": [ 11.3438, 7.375, 15.0938, 8.625 ], "texture": "#green" },
				"north": { "uv": [ 0.9062004, 14, 4.6562, 14.25 ], "texture": "#green" },
				"south": { "uv": [ 11.3438, 14, 15.0938, 14.25 ], "texture": "#green" },
				"west": { "uv": [ 7.375, 14, 8.625, 14.25 ], "texture": "#green" },
				"east": { "uv": [ 7.375, 14, 8.625, 14.25 ], "texture": "#green" }
			}
		},
		{
			"__comment": "Box10",
			"from": [ 2.0625, 2.5, 3.3125 ],
			"to": [ 5.9375, 2.75, 4.6875 ],
			"faces": {
				"down": { "uv": [ 11.2812, 7.3125, 15.1562, 8.6875 ], "texture": "#green" },
				"up": { "uv": [ 11.2812, 7.3125, 15.1562, 8.6875 ], "texture": "#green" },
				"north": { "uv": [ 0.8437996, 14.25, 4.7188, 14.5 ], "texture": "#green" },
				"south": { "uv": [ 11.2812, 14.25, 15.1562, 14.5 ], "texture": "#green" },
				"west": { "uv": [ 7.3125, 14.25, 8.6875, 14.5 ], "texture": "#green" },
				"east": { "uv": [ 7.3125, 14.25, 8.6875, 14.5 ], "texture": "#green" }
			}
		},
		{
			"__comment": "Box10",
			"from": [ 3.4375, 3.75, 3.4375 ],
			"to": [ 4.5625, 4, 4.5625 ],
			"faces": {
				"down": { "uv": [ 12.6562, 7.4375, 13.7812, 8.5625 ], "texture": "#pink_top" },
				"up": { "uv": [ 12.6562, 7.4375, 13.7812, 8.5625 ], "texture": "#pink_top" },
				"north": { "uv": [ 2.2188, 13, 3.3438, 13.25 ], "texture": "#pink" },
				"south": { "uv": [ 12.6562, 13, 13.7812, 13.25 ], "texture": "#pink" },
				"west": { "uv": [ 7.4375, 13, 8.5625, 13.25 ], "texture": "#pink" },
				"east": { "uv": [ 7.4375, 13, 8.5625, 13.25 ], "texture": "#pink" }
			}
		},
		{
			"__comment": "Box10",
			"from": [ 3.375, 4, 3.375 ],
			"to": [ 4.625, 4.25, 4.625 ],
			"faces": {
				"down": { "uv": [ 12.5938, 7.375, 13.8438, 8.625 ], "texture": "#pink_top" },
				"up": { "uv": [ 12.5938, 7.375, 13.8438, 8.625 ], "texture": "#pink_top" },
				"north": { "uv": [ 2.1562, 12.75, 3.4062, 13 ], "texture": "#pink" },
				"south": { "uv": [ 12.5938, 12.75, 13.8438, 13 ], "texture": "#pink" },
				"west": { "uv": [ 7.375, 12.75, 8.625, 13 ], "texture": "#pink" },
				"east": { "uv": [ 7.375, 12.75, 8.625, 13 ], "texture": "#pink" }
			}
		},
		{
			"__comment": "Box10",
			"from": [ 3.6875, 3.75, 3.25 ],
			"to": [ 4.3125, 4, 4.75 ],
			"faces": {
				"down": { "uv": [ 12.9062, 7.25, 13.5312, 8.75 ], "texture": "#pink_top" },
				"up": { "uv": [ 12.9062, 7.25, 13.5312, 8.75 ], "texture": "#pink_top" },
				"north": { "uv": [ 2.4688, 13, 3.0938, 13.25 ], "texture": "#pink" },
				"south": { "uv": [ 12.9062, 13, 13.5312, 13.25 ], "texture": "#pink" },
				"west": { "uv": [ 7.25, 13, 8.75, 13.25 ], "texture": "#pink" },
				"east": { "uv": [ 7.25, 13, 8.75, 13.25 ], "texture": "#pink" }
			}
		},
		{
			"__comment": "Box10",
			"from": [ 3.625, 4, 3.1875 ],
			"to": [ 4.375, 4.25, 4.8125 ],
			"faces": {
				"down": { "uv": [ 12.8438, 7.1875, 13.5938, 8.8125 ], "texture": "#pink_top" },
				"up": { "uv": [ 12.8438, 7.1875, 13.5938, 8.8125 ], "texture": "#pink_top" },
				"north": { "uv": [ 2.4062, 12.75, 3.1562, 13 ], "texture": "#pink" },
				"south": { "uv": [ 12.8438, 12.75, 13.5938, 13 ], "texture": "#pink" },
				"west": { "uv": [ 7.1875, 12.75, 8.8125, 13 ], "texture": "#pink" },
				"east": { "uv": [ 7.1875, 12.75, 8.8125, 13 ], "texture": "#pink" }
			}
		},
		{
			"__comment": "Box10",
			"from": [ 3.625, 4.5, 3.1875 ],
			"to": [ 4.375, 4.75, 3.4375 ],
			"faces": {
				"down": { "uv": [ 12.8438, 8.5625, 13.5938, 8.8125 ], "texture": "#pink_top" },
				"up": { "uv": [ 12.8438, 7.1875, 13.5938, 7.4375 ], "texture": "#pink_top" },
				"north": { "uv": [ 2.4062, 12.25, 3.1562, 12.5 ], "texture": "#pink" },
				"south": { "uv": [ 12.8438, 12.25, 13.5938, 12.5 ], "texture": "#pink" },
				"west": { "uv": [ 7.1875, 12.25, 7.4375, 12.5 ], "texture": "#pink" },
				"east": { "uv": [ 8.5625, 12.25, 8.8125, 12.5 ], "texture": "#pink" }
			}
		},
		{
			"__comment": "Box10",
			"from": [ 2.5625, 3.25, 3.0938 ],
			"to": [ 5.4375, 3.5, 4.8438 ],
			"faces": {
				"down": { "uv": [ 11.7812, 7.1562, 14.6562, 8.9062 ], "texture": "#pink_top" },
				"up": { "uv": [ 11.7812, 7.0938, 14.6562, 8.8438 ], "texture": "#pink_top" },
				"north": { "uv": [ 1.3438, 13.5, 4.2188, 13.75 ], "texture": "#pink" },
				"south": { "uv": [ 11.7812, 13.5, 14.6562, 13.75 ], "texture": "#pink" },
				"west": { "uv": [ 7.0938, 13.5, 8.8438, 13.75 ], "texture": "#pink" },
				"east": { "uv": [ 7.1562, 13.5, 8.9062, 13.75 ], "texture": "#pink" }
			}
		},
		{
			"__comment": "Box10",
			"from": [ 2.0625, 2.25, 3.3125 ],
			"to": [ 5.9375, 2.5, 4.6875 ],
			"faces": {
				"down": { "uv": [ 11.2812, 7.3125, 15.1562, 8.6875 ], "texture": "#green" },
				"up": { "uv": [ 11.2812, 7.3125, 15.1562, 8.6875 ], "texture": "#green" },
				"north": { "uv": [ 0.8437996, 14.5, 4.7188, 14.75 ], "texture": "#green" },
				"south": { "uv": [ 11.2812, 14.5, 15.1562, 14.75 ], "texture": "#green" },
				"west": { "uv": [ 7.3125, 14.5, 8.6875, 14.75 ], "texture": "#green" },
				"east": { "uv": [ 7.3125, 14.5, 8.6875, 14.75 ], "texture": "#green" }
			}
		},
		{
			"__comment": "Box10",
			"from": [ 3, 3.5, 3 ],
			"to": [ 5, 3.75, 5 ],
			"faces": {
				"down": { "uv": [ 12.2188, 7, 14.2188, 9 ], "texture": "#pink_top" },
				"up": { "uv": [ 12.2188, 7, 14.2188, 9 ], "texture": "#pink_top" },
				"north": { "uv": [ 1.7812, 13.25, 3.7812, 13.5 ], "texture": "#pink" },
				"south": { "uv": [ 12.2188, 13.25, 14.2188, 13.5 ], "texture": "#pink" },
				"west": { "uv": [ 7, 13.25, 9, 13.5 ], "texture": "#pink" },
				"east": { "uv": [ 7, 13.25, 9, 13.5 ], "texture": "#pink" }
			}
		},
		{
			"__comment": "Box10",
			"from": [ 2.4375, 3, 3.0312 ],
			"to": [ 5.5625, 3.25, 4.9062 ],
			"faces": {
				"down": { "uv": [ 11.6562, 7.0938, 14.7812, 8.9688 ], "texture": "#green" },
				"up": { "uv": [ 11.6562, 7.0312, 14.7812, 8.9062 ], "texture": "#green" },
				"north": { "uv": [ 1.2188, 13.75, 4.3438, 14 ], "texture": "#green" },
				"south": { "uv": [ 11.6562, 13.75, 14.7812, 14 ], "texture": "#green" },
				"west": { "uv": [ 7.0312, 13.75, 8.9062, 14 ], "texture": "#green" },
				"east": { "uv": [ 7.0938, 13.75, 8.9688, 14 ], "texture": "#green" }
			}
		},
		{
			"__comment": "Box10",
			"from": [ 2.3125, 2.25, 3 ],
			"to": [ 5.6875, 2.5, 5 ],
			"faces": {
				"down": { "uv": [ 11.5312, 7, 14.9062, 9 ], "texture": "#green" },
				"up": { "uv": [ 11.5312, 7, 14.9062, 9 ], "texture": "#green" },
				"north": { "uv": [ 1.0938, 14.5, 4.4688, 14.75 ], "texture": "#green" },
				"south": { "uv": [ 11.5312, 14.5, 14.9062, 14.75 ], "texture": "#green" },
				"west": { "uv": [ 7, 14.5, 9, 14.75 ], "texture": "#green" },
				"east": { "uv": [ 7, 14.5, 9, 14.75 ], "texture": "#green" }
			}
		},
		{
			"__comment": "Box10",
			"from": [ 2.375, 2.75, 3.0312 ],
			"to": [ 5.625, 3, 4.9062 ],
			"faces": {
				"down": { "uv": [ 11.5938, 7.0938, 14.8438, 8.9688 ], "texture": "#green" },
				"up": { "uv": [ 11.5938, 7.0312, 14.8438, 8.9062 ], "texture": "#green" },
				"north": { "uv": [ 1.1562, 14, 4.4062, 14.25 ], "texture": "#green" },
				"south": { "uv": [ 11.5938, 14, 14.8438, 14.25 ], "texture": "#green" },
				"west": { "uv": [ 7.0312, 14, 8.9062, 14.25 ], "texture": "#green" },
				"east": { "uv": [ 7.0938, 14, 8.9688, 14.25 ], "texture": "#green" }
			}
		},
		{
			"__comment": "Box10",
			"from": [ 2.3125, 2.5, 3 ],
			"to": [ 5.6875, 2.75, 5 ],
			"faces": {
				"down": { "uv": [ 11.5312, 7, 14.9062, 9 ], "texture": "#green" },
				"up": { "uv": [ 11.5312, 7, 14.9062, 9 ], "texture": "#green" },
				"north": { "uv": [ 1.0938, 14.25, 4.4688, 14.5 ], "texture": "#green" },
				"south": { "uv": [ 11.5312, 14.25, 14.9062, 14.5 ], "texture": "#green" },
				"west": { "uv": [ 7, 14.25, 9, 14.5 ], "texture": "#green" },
				"east": { "uv": [ 7, 14.25, 9, 14.5 ], "texture": "#green" }
			}
		},
		{
			"__comment": "Box10",
			"from": [ 3.5, 3.5, 2.75 ],
			"to": [ 4.5, 3.75, 5.25 ],
			"faces": {
				"down": { "uv": [ 12.7188, 6.75, 13.7188, 9.25 ], "texture": "#pink_top" },
				"up": { "uv": [ 12.7188, 6.75, 13.7188, 9.25 ], "texture": "#pink_top" },
				"north": { "uv": [ 2.2812, 13.25, 3.2812, 13.5 ], "texture": "#pink" },
				"south": { "uv": [ 12.7188, 13.25, 13.7188, 13.5 ], "texture": "#pink" },
				"west": { "uv": [ 6.75, 13.25, 9.25, 13.5 ], "texture": "#pink" },
				"east": { "uv": [ 6.75, 13.25, 9.25, 13.5 ], "texture": "#pink" }
			}
		},
		{
			"__comment": "Box10",
			"from": [ 2.8125, 3.25, 2.8125 ],
			"to": [ 5.1875, 3.5, 5.1875 ],
			"faces": {
				"down": { "uv": [ 12.0312, 6.8125, 14.4062, 9.1875 ], "texture": "#pink_top" },
				"up": { "uv": [ 12.0312, 6.8125, 14.4062, 9.1875 ], "texture": "#pink_top" },
				"north": { "uv": [ 1.5938, 13.5, 3.9688, 13.75 ], "texture": "#pink" },
				"south": { "uv": [ 12.0312, 13.5, 14.4062, 13.75 ], "texture": "#pink" },
				"west": { "uv": [ 6.8125, 13.5, 9.1875, 13.75 ], "texture": "#pink" },
				"east": { "uv": [ 6.8125, 13.5, 9.1875, 13.75 ], "texture": "#pink" }
			}
		},
		{
			"__comment": "Box10",
			"from": [ 3.125, 3.25, 2.5625 ],
			"to": [ 4.875, 3.5, 5.4375 ],
			"faces": {
				"down": { "uv": [ 12.3438, 6.5625, 14.0938, 9.4375 ], "texture": "#pink_top" },
				"up": { "uv": [ 12.3438, 6.5625, 14.0938, 9.4375 ], "texture": "#pink_top" },
				"north": { "uv": [ 1.9062, 13.5, 3.6562, 13.75 ], "texture": "#pink" },
				"south": { "uv": [ 12.3438, 13.5, 14.0938, 13.75 ], "texture": "#pink" },
				"west": { "uv": [ 6.5625, 13.5, 9.4375, 13.75 ], "texture": "#pink" },
				"east": { "uv": [ 6.5625, 13.5, 9.4375, 13.75 ], "texture": "#pink" }
			}
		},
		{
			"__comment": "Box10",
			"from": [ 2.6875, 3, 2.6875 ],
			"to": [ 5.3125, 3.25, 5.3125 ],
			"faces": {
				"down": { "uv": [ 11.9062, 6.6875, 14.5312, 9.3125 ], "texture": "#green" },
				"up": { "uv": [ 11.9062, 6.6875, 14.5312, 9.3125 ], "texture": "#green" },
				"north": { "uv": [ 1.4688, 13.75, 4.0938, 14 ], "texture": "#green" },
				"south": { "uv": [ 11.9062, 13.75, 14.5312, 14 ], "texture": "#green" },
				"west": { "uv": [ 6.6875, 13.75, 9.3125, 14 ], "texture": "#green" },
				"east": { "uv": [ 6.6875, 13.75, 9.3125, 14 ], "texture": "#green" }
			}
		},
		{
			"__comment": "Box10",
			"from": [ 2.625, 2, 2.625 ],
			"to": [ 5.375, 2.25, 5.375 ],
			"faces": {
				"down": { "uv": [ 11.8438, 6.625, 14.5938, 9.375 ], "texture": "#green" },
				"up": { "uv": [ 11.8438, 6.625, 14.5938, 9.375 ], "texture": "#green" },
				"north": { "uv": [ 1.4062, 14.75, 4.1562, 15 ], "texture": "#green" },
				"south": { "uv": [ 11.8438, 14.75, 14.5938, 15 ], "texture": "#green" },
				"west": { "uv": [ 6.625, 14.75, 9.375, 15 ], "texture": "#green" },
				"east": { "uv": [ 6.625, 14.75, 9.375, 15 ], "texture": "#green" }
			}
		},
		{
			"__comment": "Box10",
			"from": [ 2.125, 2, 3.375 ],
			"to": [ 5.875, 2.25, 4.625 ],
			"faces": {
				"down": { "uv": [ 11.3438, 7.375, 15.0938, 8.625 ], "texture": "#green" },
				"up": { "uv": [ 11.3438, 7.375, 15.0938, 8.625 ], "texture": "#green" },
				"north": { "uv": [ 0.9062004, 14.75, 4.6562, 15 ], "texture": "#green" },
				"south": { "uv": [ 11.3438, 14.75, 15.0938, 15 ], "texture": "#green" },
				"west": { "uv": [ 7.375, 14.75, 8.625, 15 ], "texture": "#green" },
				"east": { "uv": [ 7.375, 14.75, 8.625, 15 ], "texture": "#green" }
			}
		},
		{
			"__comment": "Box10",
			"from": [ 2.375, 2, 3.0312 ],
			"to": [ 5.625, 2.25, 4.9062 ],
			"faces": {
				"down": { "uv": [ 11.5938, 7.0938, 14.8438, 8.9688 ], "texture": "#green" },
				"up": { "uv": [ 11.5938, 7.0312, 14.8438, 8.9062 ], "texture": "#green" },
				"north": { "uv": [ 1.1562, 14.75, 4.4062, 15 ], "texture": "#green" },
				"south": { "uv": [ 11.5938, 14.75, 14.8438, 15 ], "texture": "#green" },
				"west": { "uv": [ 7.0312, 14.75, 8.9062, 15 ], "texture": "#green" },
				"east": { "uv": [ 7.0938, 14.75, 8.9688, 15 ], "texture": "#green" }
			}
		},
		{
			"__comment": "Box10",
			"from": [ 2.5625, 2.25, 2.5625 ],
			"to": [ 5.4375, 2.5, 5.4375 ],
			"faces": {
				"down": { "uv": [ 11.7812, 6.5625, 14.6562, 9.4375 ], "texture": "#green" },
				"up": { "uv": [ 11.7812, 6.5625, 14.6562, 9.4375 ], "texture": "#green" },
				"north": { "uv": [ 1.3438, 14.5, 4.2188, 14.75 ], "texture": "#green" },
				"south": { "uv": [ 11.7812, 14.5, 14.6562, 14.75 ], "texture": "#green" },
				"west": { "uv": [ 6.5625, 14.5, 9.4375, 14.75 ], "texture": "#green" },
				"east": { "uv": [ 6.5625, 14.5, 9.4375, 14.75 ], "texture": "#green" }
			}
		},
		{
			"__comment": "Box10",
			"from": [ 2.625, 2.75, 2.625 ],
			"to": [ 5.375, 3, 5.375 ],
			"faces": {
				"down": { "uv": [ 11.8438, 6.625, 14.5938, 9.375 ], "texture": "#green" },
				"up": { "uv": [ 11.8438, 6.625, 14.5938, 9.375 ], "texture": "#green" },
				"north": { "uv": [ 1.4062, 14, 4.1562, 14.25 ], "texture": "#green" },
				"south": { "uv": [ 11.8438, 14, 14.5938, 14.25 ], "texture": "#green" },
				"west": { "uv": [ 6.625, 14, 9.375, 14.25 ], "texture": "#green" },
				"east": { "uv": [ 6.625, 14, 9.375, 14.25 ], "texture": "#green" }
			}
		},
		{
			"__comment": "Box10",
			"from": [ 2.5625, 2.5, 2.5625 ],
			"to": [ 5.4375, 2.75, 5.4375 ],
			"faces": {
				"down": { "uv": [ 11.7812, 6.5625, 14.6562, 9.4375 ], "texture": "#green" },
				"up": { "uv": [ 11.7812, 6.5625, 14.6562, 9.4375 ], "texture": "#green" },
				"north": { "uv": [ 1.3438, 14.25, 4.2188, 14.5 ], "texture": "#green" },
				"south": { "uv": [ 11.7812, 14.25, 14.6562, 14.5 ], "texture": "#green" },
				"west": { "uv": [ 6.5625, 14.25, 9.4375, 14.5 ], "texture": "#green" },
				"east": { "uv": [ 6.5625, 14.25, 9.4375, 14.5 ], "texture": "#green" }
			}
		},
		{
			"__comment": "Box10",
			"from": [ 3.5, 3.25, 2.4375 ],
			"to": [ 4.5, 3.5, 5.5625 ],
			"faces": {
				"down": { "uv": [ 12.7188, 6.4375, 13.7188, 9.5625 ], "texture": "#pink_top" },
				"up": { "uv": [ 12.7188, 6.4375, 13.7188, 9.5625 ], "texture": "#pink_top" },
				"north": { "uv": [ 2.2812, 13.5, 3.2812, 13.75 ], "texture": "#pink" },
				"south": { "uv": [ 12.7188, 13.5, 13.7188, 13.75 ], "texture": "#pink" },
				"west": { "uv": [ 6.4375, 13.5, 9.5625, 13.75 ], "texture": "#pink" },
				"east": { "uv": [ 6.4375, 13.5, 9.5625, 13.75 ], "texture": "#pink" }
			}
		},
		{
			"__comment": "Box10",
			"from": [ 3.0625, 3, 2.4375 ],
			"to": [ 4.9375, 3.25, 5.5625 ],
			"faces": {
				"down": { "uv": [ 12.2812, 6.4375, 14.1562, 9.5625 ], "texture": "#green" },
				"up": { "uv": [ 12.2812, 6.4375, 14.1562, 9.5625 ], "texture": "#green" },
				"north": { "uv": [ 1.8438, 13.75, 3.7188, 14 ], "texture": "#green" },
				"south": { "uv": [ 12.2812, 13.75, 14.1562, 14 ], "texture": "#green" },
				"west": { "uv": [ 6.4375, 13.75, 9.5625, 14 ], "texture": "#green" },
				"east": { "uv": [ 6.4375, 13.75, 9.5625, 14 ], "texture": "#green" }
			}
		},
		{
			"__comment": "Box10",
			"from": [ 3.0625, 2, 2.375 ],
			"to": [ 4.9375, 2.25, 5.625 ],
			"faces": {
				"down": { "uv": [ 12.2812, 6.375, 14.1562, 9.625 ], "texture": "#green" },
				"up": { "uv": [ 12.2812, 6.375, 14.1562, 9.625 ], "texture": "#green" },
				"north": { "uv": [ 1.8438, 14.75, 3.7188, 15 ], "texture": "#green" },
				"south": { "uv": [ 12.2812, 14.75, 14.1562, 15 ], "texture": "#green" },
				"west": { "uv": [ 6.375, 14.75, 9.625, 15 ], "texture": "#green" },
				"east": { "uv": [ 6.375, 14.75, 9.625, 15 ], "texture": "#green" }
			}
		},
		{
			"__comment": "Box10",
			"from": [ 3.0625, 2.75, 2.375 ],
			"to": [ 4.9375, 3, 5.625 ],
			"faces": {
				"down": { "uv": [ 12.2812, 6.375, 14.1562, 9.625 ], "texture": "#green" },
				"up": { "uv": [ 12.2812, 6.375, 14.1562, 9.625 ], "texture": "#green" },
				"north": { "uv": [ 1.8438, 14, 3.7188, 14.25 ], "texture": "#green" },
				"south": { "uv": [ 12.2812, 14, 14.1562, 14.25 ], "texture": "#green" },
				"west": { "uv": [ 6.375, 14, 9.625, 14.25 ], "texture": "#green" },
				"east": { "uv": [ 6.375, 14, 9.625, 14.25 ], "texture": "#green" }
			}
		},
		{
			"__comment": "Box10",
			"from": [ 3.375, 3, 2.1875 ],
			"to": [ 4.625, 3.25, 5.8125 ],
			"faces": {
				"down": { "uv": [ 12.5938, 6.1875, 13.8438, 9.8125 ], "texture": "#green" },
				"up": { "uv": [ 12.5938, 6.1875, 13.8438, 9.8125 ], "texture": "#green" },
				"north": { "uv": [ 2.1562, 13.75, 3.4062, 14 ], "texture": "#green" },
				"south": { "uv": [ 12.5938, 13.75, 13.8438, 14 ], "texture": "#green" },
				"west": { "uv": [ 6.1875, 13.75, 9.8125, 14 ], "texture": "#green" },
				"east": { "uv": [ 6.1875, 13.75, 9.8125, 14 ], "texture": "#green" }
			}
		},
		{
			"__comment": "Box10",
			"from": [ 3.375, 2, 2.125 ],
			"to": [ 4.625, 2.25, 5.875 ],
			"faces": {
				"down": { "uv": [ 12.5938, 6.125, 13.8438, 9.875 ], "texture": "#green" },
				"up": { "uv": [ 12.5938, 6.125, 13.8438, 9.875 ], "texture": "#green" },
				"north": { "uv": [ 2.1562, 14.75, 3.4062, 15 ], "texture": "#green" },
				"south": { "uv": [ 12.5938, 14.75, 13.8438, 15 ], "texture": "#green" },
				"west": { "uv": [ 6.125, 14.75, 9.875, 15 ], "texture": "#green" },
				"east": { "uv": [ 6.125, 14.75, 9.875, 15 ], "texture": "#green" }
			}
		},
		{
			"__comment": "Box10",
			"from": [ 3, 2.25, 2.3125 ],
			"to": [ 5, 2.5, 5.6875 ],
			"faces": {
				"down": { "uv": [ 12.2188, 6.3125, 14.2188, 9.6875 ], "texture": "#green" },
				"up": { "uv": [ 12.2188, 6.3125, 14.2188, 9.6875 ], "texture": "#green" },
				"north": { "uv": [ 1.7812, 14.5, 3.7812, 14.75 ], "texture": "#green" },
				"south": { "uv": [ 12.2188, 14.5, 14.2188, 14.75 ], "texture": "#green" },
				"west": { "uv": [ 6.3125, 14.5, 9.6875, 14.75 ], "texture": "#green" },
				"east": { "uv": [ 6.3125, 14.5, 9.6875, 14.75 ], "texture": "#green" }
			}
		},
		{
			"__comment": "Box10",
			"from": [ 3.375, 2.75, 2.125 ],
			"to": [ 4.625, 3, 5.875 ],
			"faces": {
				"down": { "uv": [ 12.5938, 6.125, 13.8438, 9.875 ], "texture": "#green" },
				"up": { "uv": [ 12.5938, 6.125, 13.8438, 9.875 ], "texture": "#green" },
				"north": { "uv": [ 2.1562, 14, 3.4062, 14.25 ], "texture": "#green" },
				"south": { "uv": [ 12.5938, 14, 13.8438, 14.25 ], "texture": "#green" },
				"west": { "uv": [ 6.125, 14, 9.875, 14.25 ], "texture": "#green" },
				"east": { "uv": [ 6.125, 14, 9.875, 14.25 ], "texture": "#green" }
			}
		},
		{
			"__comment": "Box10",
			"from": [ 3, 2.5, 2.3125 ],
			"to": [ 5, 2.75, 5.6875 ],
			"faces": {
				"down": { "uv": [ 12.2188, 6.3125, 14.2188, 9.6875 ], "texture": "#green" },
				"up": { "uv": [ 12.2188, 6.3125, 14.2188, 9.6875 ], "texture": "#green" },
				"north": { "uv": [ 1.7812, 14.25, 3.7812, 14.5 ], "texture": "#green" },
				"south": { "uv": [ 12.2188, 14.25, 14.2188, 14.5 ], "texture": "#green" },
				"west": { "uv": [ 6.3125, 14.25, 9.6875, 14.5 ], "texture": "#green" },
				"east": { "uv": [ 6.3125, 14.25, 9.6875, 14.5 ], "texture": "#green" }
			}
		},
		{
			"__comment": "Box10",
			"from": [ 3.3125, 2.25, 2.0625 ],
			"to": [ 4.6875, 2.5, 5.9375 ],
			"faces": {
				"down": { "uv": [ 12.5312, 6.0625, 13.9062, 9.9375 ], "texture": "#green" },
				"up": { "uv": [ 12.5312, 6.0625, 13.9062, 9.9375 ], "texture": "#green" },
				"north": { "uv": [ 2.0938, 14.5, 3.4688, 14.75 ], "texture": "#green" },
				"south": { "uv": [ 12.5312, 14.5, 13.9062, 14.75 ], "texture": "#green" },
				"west": { "uv": [ 6.0625, 14.5, 9.9375, 14.75 ], "texture": "#green" },
				"east": { "uv": [ 6.0625, 14.5, 9.9375, 14.75 ], "texture": "#green" }
			}
		},
		{
			"__comment": "Box10",
			"from": [ 3.3125, 2.5, 2.0625 ],
			"to": [ 4.6875, 2.75, 5.9375 ],
			"faces": {
				"down": { "uv": [ 12.5312, 6.0625, 13.9062, 9.9375 ], "texture": "#green" },
				"up": { "uv": [ 12.5312, 6.0625, 13.9062, 9.9375 ], "texture": "#green" },
				"north": { "uv": [ 2.0938, 14.25, 3.4688, 14.5 ], "texture": "#green" },
				"south": { "uv": [ 12.5312, 14.25, 13.9062, 14.5 ], "texture": "#green" },
				"west": { "uv": [ 6.0625, 14.25, 9.9375, 14.5 ], "texture": "#green" },
				"east": { "uv": [ 6.0625, 14.25, 9.9375, 14.5 ], "texture": "#green" }
			}
		},
		{
			"__comment": "Box10",
			"from": [ 2.6875, 1.75, 2.6875 ],
			"to": [ 5.3125, 2, 5.3125 ],
			"faces": {
				"down": { "uv": [ 11.9062, 6.6875, 14.5312, 9.3125 ], "texture": "#green" },
				"up": { "uv": [ 11.9062, 6.6875, 14.5312, 9.3125 ], "texture": "#green" },
				"north": { "uv": [ 1.4688, 15, 4.0938, 15.25 ], "texture": "#green" },
				"south": { "uv": [ 11.9062, 15, 14.5312, 15.25 ], "texture": "#green" },
				"west": { "uv": [ 6.6875, 15, 9.3125, 15.25 ], "texture": "#green" },
				"east": { "uv": [ 6.6875, 15, 9.3125, 15.25 ], "texture": "#green" }
			}
		},
		{
			"__comment": "Box10",
			"from": [ 3.375, 1.75, 2.1875 ],
			"to": [ 4.625, 2, 5.8125 ],
			"faces": {
				"down": { "uv": [ 12.5938, 6.1875, 13.8438, 9.8125 ], "texture": "#green" },
				"up": { "uv": [ 12.5938, 6.1875, 13.8438, 9.8125 ], "texture": "#green" },
				"north": { "uv": [ 2.1562, 15, 3.4062, 15.25 ], "texture": "#green" },
				"south": { "uv": [ 12.5938, 15, 13.8438, 15.25 ], "texture": "#green" },
				"west": { "uv": [ 6.1875, 15, 9.8125, 15.25 ], "texture": "#green" },
				"east": { "uv": [ 6.1875, 15, 9.8125, 15.25 ], "texture": "#green" }
			}
		},
		{
			"__comment": "Box10",
			"from": [ 2.1875, 1.75, 3.375 ],
			"to": [ 5.8125, 2, 4.625 ],
			"faces": {
				"down": { "uv": [ 11.4062, 7.375, 15.0312, 8.625 ], "texture": "#green" },
				"up": { "uv": [ 11.4062, 7.375, 15.0312, 8.625 ], "texture": "#green" },
				"north": { "uv": [ 0.9687996, 15, 4.5938, 15.25 ], "texture": "#green" },
				"south": { "uv": [ 11.4062, 15, 15.0312, 15.25 ], "texture": "#green" },
				"west": { "uv": [ 7.375, 15, 8.625, 15.25 ], "texture": "#green" },
				"east": { "uv": [ 7.375, 15, 8.625, 15.25 ], "texture": "#green" }
			}
		},
		{
			"__comment": "Box10",
			"from": [ 2.4375, 1.75, 3.0312 ],
			"to": [ 5.5625, 2, 4.9062 ],
			"faces": {
				"down": { "uv": [ 11.6562, 7.0938, 14.7812, 8.9688 ], "texture": "#green" },
				"up": { "uv": [ 11.6562, 7.0312, 14.7812, 8.9062 ], "texture": "#green" },
				"north": { "uv": [ 1.2188, 15, 4.3438, 15.25 ], "texture": "#green" },
				"south": { "uv": [ 11.6562, 15, 14.7812, 15.25 ], "texture": "#green" },
				"west": { "uv": [ 7.0312, 15, 8.9062, 15.25 ], "texture": "#green" },
				"east": { "uv": [ 7.0938, 15, 8.9688, 15.25 ], "texture": "#green" }
			}
		},
		{
			"__comment": "Box10",
			"from": [ 3.0625, 1.75, 2.4375 ],
			"to": [ 4.9375, 2, 5.5625 ],
			"faces": {
				"down": { "uv": [ 12.2812, 6.4375, 14.1562, 9.5625 ], "texture": "#green" },
				"up": { "uv": [ 12.2812, 6.4375, 14.1562, 9.5625 ], "texture": "#green" },
				"north": { "uv": [ 1.8438, 15, 3.7188, 15.25 ], "texture": "#green" },
				"south": { "uv": [ 12.2812, 15, 14.1562, 15.25 ], "texture": "#green" },
				"west": { "uv": [ 6.4375, 15, 9.5625, 15.25 ], "texture": "#green" },
				"east": { "uv": [ 6.4375, 15, 9.5625, 15.25 ], "texture": "#green" }
			}
		},
		{
			"__comment": "Box10",
			"from": [ 2.8125, 1.5, 2.8125 ],
			"to": [ 5.1875, 1.75, 5.1875 ],
			"faces": {
				"down": { "uv": [ 12.0312, 6.8125, 14.4062, 9.1875 ], "texture": "#green" },
				"up": { "uv": [ 12.0312, 6.8125, 14.4062, 9.1875 ], "texture": "#green" },
				"north": { "uv": [ 1.5938, 15.25, 3.9688, 15.5 ], "texture": "#green" },
				"south": { "uv": [ 12.0312, 15.25, 14.4062, 15.5 ], "texture": "#green" },
				"west": { "uv": [ 6.8125, 15.25, 9.1875, 15.5 ], "texture": "#green" },
				"east": { "uv": [ 6.8125, 15.25, 9.1875, 15.5 ], "texture": "#green" }
			}
		},
		{
			"__comment": "Box10",
			"from": [ 3.5, 1.5, 2.375 ],
			"to": [ 4.5, 1.75, 5.625 ],
			"faces": {
				"down": { "uv": [ 12.7188, 6.375, 13.7188, 9.625 ], "texture": "#green" },
				"up": { "uv": [ 12.7188, 6.375, 13.7188, 9.625 ], "texture": "#green" },
				"north": { "uv": [ 2.2812, 15.25, 3.2812, 15.5 ], "texture": "#green" },
				"south": { "uv": [ 12.7188, 15.25, 13.7188, 15.5 ], "texture": "#green" },
				"west": { "uv": [ 6.375, 15.25, 9.625, 15.5 ], "texture": "#green" },
				"east": { "uv": [ 6.375, 15.25, 9.625, 15.5 ], "texture": "#green" }
			}
		},
		{
			"__comment": "Box10",
			"from": [ 2.375, 1.5, 3.5 ],
			"to": [ 5.625, 1.75, 4.5 ],
			"faces": {
				"down": { "uv": [ 11.5938, 7.5, 14.8438, 8.5 ], "texture": "#green" },
				"up": { "uv": [ 11.5938, 7.5, 14.8438, 8.5 ], "texture": "#green" },
				"north": { "uv": [ 1.1562, 15.25, 4.4062, 15.5 ], "texture": "#green" },
				"south": { "uv": [ 11.5938, 15.25, 14.8438, 15.5 ], "texture": "#green" },
				"west": { "uv": [ 7.5, 15.25, 8.5, 15.5 ], "texture": "#green" },
				"east": { "uv": [ 7.5, 15.25, 8.5, 15.5 ], "texture": "#green" }
			}
		},
		{
			"__comment": "Box10",
			"from": [ 2.5625, 1.5, 3.0938 ],
			"to": [ 5.4375, 1.75, 4.8438 ],
			"faces": {
				"down": { "uv": [ 11.7812, 7.1562, 14.6562, 8.9062 ], "texture": "#green" },
				"up": { "uv": [ 11.7812, 7.0938, 14.6562, 8.8438 ], "texture": "#green" },
				"north": { "uv": [ 1.3438, 15.25, 4.2188, 15.5 ], "texture": "#green" },
				"south": { "uv": [ 11.7812, 15.25, 14.6562, 15.5 ], "texture": "#green" },
				"west": { "uv": [ 7.0938, 15.25, 8.8438, 15.5 ], "texture": "#green" },
				"east": { "uv": [ 7.1562, 15.25, 8.9062, 15.5 ], "texture": "#green" }
			}
		},
		{
			"__comment": "Box10",
			"from": [ 3.125, 1.5, 2.5625 ],
			"to": [ 4.875, 1.75, 5.4375 ],
			"faces": {
				"down": { "uv": [ 12.3438, 6.5625, 14.0938, 9.4375 ], "texture": "#green" },
				"up": { "uv": [ 12.3438, 6.5625, 14.0938, 9.4375 ], "texture": "#green" },
				"north": { "uv": [ 1.9062, 15.25, 3.6562, 15.5 ], "texture": "#green" },
				"south": { "uv": [ 12.3438, 15.25, 14.0938, 15.5 ], "texture": "#green" },
				"west": { "uv": [ 6.5625, 15.25, 9.4375, 15.5 ], "texture": "#green" },
				"east": { "uv": [ 6.5625, 15.25, 9.4375, 15.5 ], "texture": "#green" }
			}
		},
		{
			"__comment": "Box10",
			"from": [ 3.5, 1.25, 2.75 ],
			"to": [ 4.5, 1.5, 5.25 ],
			"faces": {
				"down": { "uv": [ 12.7188, 6.75, 13.7188, 9.25 ], "texture": "#green" },
				"up": { "uv": [ 12.7188, 6.75, 13.7188, 9.25 ], "texture": "#green" },
				"north": { "uv": [ 2.2812, 15.5, 3.2812, 15.75 ], "texture": "#green" },
				"south": { "uv": [ 12.7188, 15.5, 13.7188, 15.75 ], "texture": "#green" },
				"west": { "uv": [ 6.75, 15.5, 9.25, 15.75 ], "texture": "#green" },
				"east": { "uv": [ 6.75, 15.5, 9.25, 15.75 ], "texture": "#green" }
			}
		},
		{
			"__comment": "Box10",
			"from": [ 2.75, 1.25, 3.5 ],
			"to": [ 5.25, 1.5, 4.5 ],
			"faces": {
				"down": { "uv": [ 11.9688, 7.5, 14.4688, 8.5 ], "texture": "#green" },
				"up": { "uv": [ 11.9688, 7.5, 14.4688, 8.5 ], "texture": "#green" },
				"north": { "uv": [ 1.5312, 15.5, 4.0312, 15.75 ], "texture": "#green" },
				"south": { "uv": [ 11.9688, 15.5, 14.4688, 15.75 ], "texture": "#green" },
				"west": { "uv": [ 7.5, 15.5, 8.5, 15.75 ], "texture": "#green" },
				"east": { "uv": [ 7.5, 15.5, 8.5, 15.75 ], "texture": "#green" }
			}
		},
		{
			"__comment": "Box10",
			"from": [ 3, 1.25, 3 ],
			"to": [ 5, 1.5, 5 ],
			"faces": {
				"down": { "uv": [ 12.2188, 7, 14.2188, 9 ], "texture": "#green" },
				"up": { "uv": [ 12.2188, 7, 14.2188, 9 ], "texture": "#green" },
				"north": { "uv": [ 1.7812, 15.5, 3.7812, 15.75 ], "texture": "#green" },
				"south": { "uv": [ 12.2188, 15.5, 14.2188, 15.75 ], "texture": "#green" },
				"west": { "uv": [ 7, 15.5, 9, 15.75 ], "texture": "#green" },
				"east": { "uv": [ 7, 15.5, 9, 15.75 ], "texture": "#green" }
			}
		},
		{
			"__comment": "Box10",
			"from": [ 3, 1, 3.5 ],
			"to": [ 5, 1.25, 4.5 ],
			"faces": {
				"down": { "uv": [ 12.2188, 7.5, 14.2188, 8.5 ], "texture": "#green" },
				"up": { "uv": [ 12.2188, 7.5, 14.2188, 8.5 ], "texture": "#green" },
				"north": { "uv": [ 1.7812, 15.75, 3.7812, 16 ], "texture": "#green" },
				"south": { "uv": [ 12.2188, 15.75, 14.2188, 16 ], "texture": "#green" },
				"west": { "uv": [ 7.5, 15.75, 8.5, 16 ], "texture": "#green" },
				"east": { "uv": [ 7.5, 15.75, 8.5, 16 ], "texture": "#green" }
			}
		},
		{
			"__comment": "Box10",
			"from": [ 3.25, 1, 3.25 ],
			"to": [ 4.75, 1.25, 4.75 ],
			"faces": {
				"down": { "uv": [ 12.4688, 7.25, 13.9688, 8.75 ], "texture": "#green" },
				"up": { "uv": [ 12.4688, 7.25, 13.9688, 8.75 ], "texture": "#green" },
				"north": { "uv": [ 2.0312, 15.75, 3.5312, 16 ], "texture": "#green" },
				"south": { "uv": [ 12.4688, 15.75, 13.9688, 16 ], "texture": "#green" },
				"west": { "uv": [ 7.25, 15.75, 8.75, 16 ], "texture": "#green" },
				"east": { "uv": [ 7.25, 15.75, 8.75, 16 ], "texture": "#green" }
			}
		},
		{
			"__comment": "Box10",
			"from": [ 3.5, 1, 3 ],
			"to": [ 4.5, 1.25, 5 ],
			"faces": {
				"down": { "uv": [ 12.7188, 7, 13.7188, 9 ], "texture": "#green" },
				"up": { "uv": [ 12.7188, 7, 13.7188, 9 ], "texture": "#green" },
				"north": { "uv": [ 2.2812, 15.75, 3.2812, 16 ], "texture": "#green" },
				"south": { "uv": [ 12.7188, 15.75, 13.7188, 16 ], "texture": "#green" },
				"west": { "uv": [ 7, 15.75, 9, 16 ], "texture": "#green" },
				"east": { "uv": [ 7, 15.75, 9, 16 ], "texture": "#green" }
			}
		},
		{
			"__comment": "Box232",
			"from": [ 3.9688, 6.8125, 3.875 ],
			"to": [ 4.2188, 7.0625, 4.125 ],
			"faces": {
				"down": { "uv": [ 8, 8, 8.5, 8.5 ], "texture": "#drop2" },
				"up": { "uv": [ 8, 8, 8.5, 8.5 ], "texture": "#drop2" },
				"north": { "uv": [ 8, 8, 8.5, 8.5 ], "texture": "#drop2" },
				"south": { "uv": [ 8, 8, 8.5, 8.5 ], "texture": "#drop2" },
				"west": { "uv": [ 8, 8, 8.5, 8.5 ], "texture": "#drop2" },
				"east": { "uv": [ 8, 8, 8.5, 8.5 ], "texture": "#drop2" }
			}
		},
		{
			"__comment": "Box232",
			"from": [ 3.9688, 6.1562, 3.875 ],
			"to": [ 4.2188, 6.4062, 4.125 ],
			"faces": {
				"down": { "uv": [ 8.5, 8.5, 9, 9 ], "texture": "#drop2" },
				"up": { "uv": [ 8.5, 8.5, 9, 9 ], "texture": "#drop2" },
				"north": { "uv": [ 8.5, 8.5, 9, 9 ], "texture": "#drop2" },
				"south": { "uv": [ 8.5, 8.5, 9, 9 ], "texture": "#drop2" },
				"west": { "uv": [ 8.5, 8.5, 9, 9 ], "texture": "#drop2" },
				"east": { "uv": [ 8.5, 8.5, 9, 9 ], "texture": "#drop2" }
			}
		},
		{
			"__comment": "Box232",
			"from": [ 3.9688, 5.4688, 3.875 ],
			"to": [ 4.2188, 5.7188, 4.125 ],
			"faces": {
				"down": { "uv": [ 9, 9, 9.5, 9.5 ], "texture": "#drop2" },
				"up": { "uv": [ 9, 9, 9.5, 9.5 ], "texture": "#drop2" },
				"north": { "uv": [ 9, 9, 9.5, 9.5 ], "texture": "#drop2" },
				"south": { "uv": [ 9, 9, 9.5, 9.5 ], "texture": "#drop2" },
				"west": { "uv": [ 9, 9, 9.5, 9.5 ], "texture": "#drop2" },
				"east": { "uv": [ 9, 9, 9.5, 9.5 ], "texture": "#drop2" }
			}
		},
		{
			"__comment": "Box232",
			"from": [ 3.9688, 7.4375, 3.875 ],
			"to": [ 4.2188, 7.6875, 4.125 ],
			"faces": {
				"down": { "uv": [ 7.5, 7.5, 8, 8 ], "texture": "#drop2" },
				"up": { "uv": [ 7.5, 7.5, 8, 8 ], "texture": "#drop2" },
				"north": { "uv": [ 7.5, 7.5, 8, 8 ], "texture": "#drop2" },
				"south": { "uv": [ 7.5, 7.5, 8, 8 ], "texture": "#drop2" },
				"west": { "uv": [ 7.5, 7.5, 8, 8 ], "texture": "#drop2" },
				"east": { "uv": [ 7.5, 7.5, 8, 8 ], "texture": "#drop2" }
			}
		},
		{
			"__comment": "Box232",
			"from": [ 3.9688, 8.031199, 3.875 ],
			"to": [ 4.2188, 8.281199, 4.125 ],
			"faces": {
				"down": { "uv": [ 7, 7, 7.5, 7.5 ], "texture": "#drop2" },
				"up": { "uv": [ 7, 7, 7.5, 7.5 ], "texture": "#drop2" },
				"north": { "uv": [ 7, 7, 7.5, 7.5 ], "texture": "#drop2" },
				"south": { "uv": [ 7, 7, 7.5, 7.5 ], "texture": "#drop2" },
				"west": { "uv": [ 7, 7, 7.5, 7.5 ], "texture": "#drop2" },
				"east": { "uv": [ 7, 7, 7.5, 7.5 ], "texture": "#drop2" }
			}
		},
		{
			"__comment": "Box232",
			"from": [ 3.9688, 8.5938, 3.875 ],
			"to": [ 4.2188, 8.8438, 4.125 ],
			"faces": {
				"down": { "uv": [ 6.5, 6.5, 7, 7 ], "texture": "#drop2" },
				"up": { "uv": [ 6.5, 6.5, 7, 7 ], "texture": "#drop2" },
				"north": { "uv": [ 6.5, 6.5, 7, 7 ], "texture": "#drop2" },
				"south": { "uv": [ 6.5, 6.5, 7, 7 ], "texture": "#drop2" },
				"west": { "uv": [ 6.5, 6.5, 7, 7 ], "texture": "#drop2" },
				"east": { "uv": [ 6.5, 6.5, 7, 7 ], "texture": "#drop2" }
			}
		},
		{
			"__comment": "Box232",
			"from": [ 3.9688, 9.125, 3.875 ],
			"to": [ 4.2188, 9.375, 4.125 ],
			"faces": {
				"down": { "uv": [ 6, 6, 6.5, 6.5 ], "texture": "#drop2" },
				"up": { "uv": [ 6, 6, 6.5, 6.5 ], "texture": "#drop2" },
				"north": { "uv": [ 6, 6, 6.5, 6.5 ], "texture": "#drop2" },
				"south": { "uv": [ 6, 6, 6.5, 6.5 ], "texture": "#drop2" },
				"west": { "uv": [ 6, 6, 6.5, 6.5 ], "texture": "#drop2" },
				"east": { "uv": [ 6, 6, 6.5, 6.5 ], "texture": "#drop2" }
			}
		},
		{
			"__comment": "Box232",
			"from": [ 3.9688, 9.625, 3.875 ],
			"to": [ 4.2188, 9.875, 4.125 ],
			"faces": {
				"down": { "uv": [ 5.5, 5.5, 6, 6 ], "texture": "#drop2" },
				"up": { "uv": [ 5.5, 5.5, 6, 6 ], "texture": "#drop2" },
				"north": { "uv": [ 5.5, 5.5, 6, 6 ], "texture": "#drop2" },
				"south": { "uv": [ 5.5, 5.5, 6, 6 ], "texture": "#drop2" },
				"west": { "uv": [ 5.5, 5.5, 6, 6 ], "texture": "#drop2" },
				"east": { "uv": [ 5.5, 5.5, 6, 6 ], "texture": "#drop2" }
			}
		},
		{
			"__comment": "Box232",
			"from": [ 3.9688, 10.0938, 3.875 ],
			"to": [ 4.2188, 10.3438, 4.125 ],
			"faces": {
				"down": { "uv": [ 5, 5, 5.5, 5.5 ], "texture": "#drop2" },
				"up": { "uv": [ 5, 5, 5.5, 5.5 ], "texture": "#drop2" },
				"north": { "uv": [ 5, 5, 5.5, 5.5 ], "texture": "#drop2" },
				"south": { "uv": [ 5, 5, 5.5, 5.5 ], "texture": "#drop2" },
				"west": { "uv": [ 5, 5, 5.5, 5.5 ], "texture": "#drop2" },
				"east": { "uv": [ 5, 5, 5.5, 5.5 ], "texture": "#drop2" }
			}
		},
		{
			"__comment": "Box232",
			"from": [ 3.9688, 10.5312, 3.875 ],
			"to": [ 4.2188, 10.7812, 4.125 ],
			"faces": {
				"down": { "uv": [ 4.5, 4.5, 5, 5 ], "texture": "#drop2" },
				"up": { "uv": [ 4.5, 4.5, 5, 5 ], "texture": "#drop2" },
				"north": { "uv": [ 4.5, 4.5, 5, 5 ], "texture": "#drop2" },
				"south": { "uv": [ 4.5, 4.5, 5, 5 ], "texture": "#drop2" },
				"west": { "uv": [ 4.5, 4.5, 5, 5 ], "texture": "#drop2" },
				"east": { "uv": [ 4.5, 4.5, 5, 5 ], "texture": "#drop2" }
			}
		},
		{
			"__comment": "Box232",
			"from": [ 3.9688, 10.9375, 3.875 ],
			"to": [ 4.2188, 11.1875, 4.125 ],
			"faces": {
				"down": { "uv": [ 4, 4, 4.5, 4.5 ], "texture": "#drop2" },
				"up": { "uv": [ 4, 4, 4.5, 4.5 ], "texture": "#drop2" },
				"north": { "uv": [ 4, 4, 4.5, 4.5 ], "texture": "#drop2" },
				"south": { "uv": [ 4, 4, 4.5, 4.5 ], "texture": "#drop2" },
				"west": { "uv": [ 4, 4, 4.5, 4.5 ], "texture": "#drop2" },
				"east": { "uv": [ 4, 4, 4.5, 4.5 ], "texture": "#drop2" }
			}
		},
		{
			"__comment": "Box232",
			"from": [ 3.9688, 11.3125, 3.875 ],
			"to": [ 4.2188, 11.5625, 4.125 ],
			"faces": {
				"down": { "uv": [ 3.5, 3.5, 4, 4 ], "texture": "#drop2" },
				"up": { "uv": [ 3.5, 3.5, 4, 4 ], "texture": "#drop2" },
				"north": { "uv": [ 3.5, 3.5, 4, 4 ], "texture": "#drop2" },
				"south": { "uv": [ 3.5, 3.5, 4, 4 ], "texture": "#drop2" },
				"west": { "uv": [ 3.5, 3.5, 4, 4 ], "texture": "#drop2" },
				"east": { "uv": [ 3.5, 3.5, 4, 4 ], "texture": "#drop2" }
			}
		},
		{
			"__comment": "Box232",
			"from": [ 3.9688, 11.625, 3.875 ],
			"to": [ 4.2188, 11.875, 4.125 ],
			"faces": {
				"down": { "uv": [ 3, 3, 3.5, 3.5 ], "texture": "#drop2" },
				"up": { "uv": [ 3, 3, 3.5, 3.5 ], "texture": "#drop2" },
				"north": { "uv": [ 3, 3, 3.5, 3.5 ], "texture": "#drop2" },
				"south": { "uv": [ 3, 3, 3.5, 3.5 ], "texture": "#drop2" },
				"west": { "uv": [ 3, 3, 3.5, 3.5 ], "texture": "#drop2" },
				"east": { "uv": [ 3, 3, 3.5, 3.5 ], "texture": "#drop2" }
			}
		},
		{
			"__comment": "Box232",
			"from": [ 3.9688, 11.9062, 3.875 ],
			"to": [ 4.2188, 12.1562, 4.125 ],
			"faces": {
				"down": { "uv": [ 2.5, 2.5, 3, 3 ], "texture": "#drop2" },
				"up": { "uv": [ 2.5, 2.5, 3, 3 ], "texture": "#drop2" },
				"north": { "uv": [ 2.5, 2.5, 3, 3 ], "texture": "#drop2" },
				"south": { "uv": [ 2.5, 2.5, 3, 3 ], "texture": "#drop2" },
				"west": { "uv": [ 2.5, 2.5, 3, 3 ], "texture": "#drop2" },
				"east": { "uv": [ 2.5, 2.5, 3, 3 ], "texture": "#drop2" }
			}
		},
		{
			"__comment": "Box232",
			"from": [ 3.9688, 12.1562, 3.875 ],
			"to": [ 4.2188, 12.4062, 4.125 ],
			"faces": {
				"down": { "uv": [ 2, 2, 2.5, 2.5 ], "texture": "#drop2" },
				"up": { "uv": [ 2, 2, 2.5, 2.5 ], "texture": "#drop2" },
				"north": { "uv": [ 2, 2, 2.5, 2.5 ], "texture": "#drop2" },
				"south": { "uv": [ 2, 2, 2.5, 2.5 ], "texture": "#drop2" },
				"west": { "uv": [ 2, 2, 2.5, 2.5 ], "texture": "#drop2" },
				"east": { "uv": [ 2, 2, 2.5, 2.5 ], "texture": "#drop2" }
			}
		},
		{
			"__comment": "Box232",
			"from": [ 3.9688, 12.5938, 3.875 ],
			"to": [ 4.2188, 12.8438, 4.125 ],
			"faces": {
				"down": { "uv": [ 1, 1, 1.5, 1.5 ], "texture": "#drop2" },
				"up": { "uv": [ 1, 1, 1.5, 1.5 ], "texture": "#drop2" },
				"north": { "uv": [ 1, 1, 1.5, 1.5 ], "texture": "#drop2" },
				"south": { "uv": [ 1, 1, 1.5, 1.5 ], "texture": "#drop2" },
				"west": { "uv": [ 1, 1, 1.5, 1.5 ], "texture": "#drop2" },
				"east": { "uv": [ 1, 1, 1.5, 1.5 ], "texture": "#drop2" }
			}
		},
		{
			"__comment": "Box232",
			"from": [ 3.9688, 12.4062, 3.875 ],
			"to": [ 4.2188, 12.6562, 4.125 ],
			"faces": {
				"down": { "uv": [ 1.5, 1.5, 2, 2 ], "texture": "#drop2" },
				"up": { "uv": [ 1.5, 1.5, 2, 2 ], "texture": "#drop2" },
				"north": { "uv": [ 1.5, 1.5, 2, 2 ], "texture": "#drop2" },
				"south": { "uv": [ 1.5, 1.5, 2, 2 ], "texture": "#drop2" },
				"west": { "uv": [ 1.5, 1.5, 2, 2 ], "texture": "#drop2" },
				"east": { "uv": [ 1.5, 1.5, 2, 2 ], "texture": "#drop2" }
			}
		},
		{
			"__comment": "Box232",
			"from": [ 3.9688, 12.6875, 3.875 ],
			"to": [ 4.2188, 12.9375, 4.125 ],
			"faces": {
				"down": { "uv": [ 0, 0, 0.5, 0.5 ], "texture": "#drop" },
				"up": { "uv": [ 0, 0, 0.5, 0.5 ], "texture": "#drop" },
				"north": { "uv": [ 0, 0, 0.5, 0.5 ], "texture": "#drop" },
				"south": { "uv": [ 0, 0, 0.5, 0.5 ], "texture": "#drop" },
				"west": { "uv": [ 0, 0, 0.5, 0.5 ], "texture": "#drop" },
				"east": { "uv": [ 0, 0, 0.5, 0.5 ], "texture": "#drop" }
			}
		},
		{
			"__comment": "Box232",
			"from": [ 3.9688, 12.6562, 3.875 ],
			"to": [ 4.2188, 12.9062, 4.125 ],
			"faces": {
				"down": { "uv": [ 0.5, 0.5, 1, 1 ], "texture": "#drop2" },
				"up": { "uv": [ 0.5, 0.5, 1, 1 ], "texture": "#drop2" },
				"north": { "uv": [ 0.5, 0.5, 1, 1 ], "texture": "#drop2" },
				"south": { "uv": [ 0.5, 0.5, 1, 1 ], "texture": "#drop2" },
				"west": { "uv": [ 0.5, 0.5, 1, 1 ], "texture": "#drop2" },
				"east": { "uv": [ 0.5, 0.5, 1, 1 ], "texture": "#drop2" }
			}
		},
		{
			"__comment": "Box232",
			"from": [ 3.9688, 4.75, 3.875 ],
			"to": [ 4.2188, 5, 4.125 ],
			"faces": {
				"down": { "uv": [ 9.5, 9.5, 10, 10 ], "texture": "#drop2" },
				"up": { "uv": [ 9.5, 9.5, 10, 10 ], "texture": "#drop2" },
				"north": { "uv": [ 9.5, 9.5, 10, 10 ], "texture": "#drop2" },
				"south": { "uv": [ 9.5, 9.5, 10, 10 ], "texture": "#drop2" },
				"west": { "uv": [ 9.5, 9.5, 10, 10 ], "texture": "#drop2" },
				"east": { "uv": [ 9.5, 9.5, 10, 10 ], "texture": "#drop2" }
			}
		}
	]
}