{
	"__comment": "Designed by Filmjolk",
	"ambientocclusion": false,
	"textures": {
		"particle": "block/brewing_stand_base",
		"stand": "block/brewing_stand",
		"base": "block/brewing_stand_base",
		"Bottle1": "block/brewing_stand_glass_bottle",
		"wood": "block/brewing_stand_base1",
		"drop": "block/brewing_stand_drop",
		"texture": "block/grass_block_top",
		"pink": "block/brewing_stand_bottle_pink",
		"pink_top": "block/brewing_stand_bottle_pink_top",
		"bottle2": "block/brewing_stand_base2",
		"green": "block/brewing_stand_bottle_green",
		"blue": "block/brewing_stand_bottle_blur",
		"drop2": "block/brewing_stand_drop2",
		"drop3": "block/brewing_stand_drop3",
		"bottle_base": "block/brewing_stand_bottle_base"
	},
	"elements": [ 	 
		{
			"__comment": "Element",
			"from": [ 6.2812, 0, 6.25 ],
			"to": [ 9.9062, 1, 9.75 ],
			"faces": {
				"down": { "uv": [ 5.5, 3, 6, 2.5 ], "texture": "#stand" },
				"up": { "uv": [ 4, 3, 4.5, 3.5 ], "texture": "#stand" },
				"north": { "uv": [ 6.5, 15, 9.5, 16 ], "texture": "#stand" },
				"south": { "uv": [ 6.5, 15, 9.5, 16 ], "texture": "#stand" },
				"west": { "uv": [ 6.5, 15, 9.5, 16 ], "texture": "#stand" },
				"east": { "uv": [ 6.5, 15, 9.5, 16 ], "texture": "#stand" }
			}
		},
		{
			"__comment": "Element",
			"from": [ 8.5, 13.5, 7.75 ],
			"to": [ 13, 14, 8.25 ],
			"faces": {
				"down": { "uv": [ 1, 3.5, 5.5, 3 ], "texture": "#Bottle1" },
				"up": { "uv": [ 1, 3, 5.5, 3.5 ], "texture": "#Bottle1" },
				"north": { "uv": [ 1, 3, 5.5, 3.5 ], "texture": "#Bottle1" },
				"south": { "uv": [ 10.5, 3, 15, 3.5 ], "texture": "#Bottle1" },
				"west": { "uv": [ 7.5, 3, 8.5, 3.5 ], "texture": "#Bottle1" },
				"east": { "uv": [ 7.5, 3, 8.5, 3.5 ], "texture": "#Bottle1" }
			}
		},
		{
			"__comment": "Element",
			"from": [ 3.9063, 12.75, 3.5938 ],
			"to": [ 4.4063, 13.5, 3.9688 ],
			"rotation": { "origin": [ 4.40625, 12.75, 3.96875 ], "axis": "y", "angle": 45 },
			"faces": {
				"down": { "uv": [ 1, 3.5, 6.5, 3 ], "texture": "#Bottle1", "rotation": 90 },
				"up": { "uv": [ 1, 3, 6.5, 3.5 ], "texture": "#Bottle1", "rotation": 90 },
				"north": { "uv": [ 9.5, 3, 10.5, 3.5 ], "texture": "#Bottle1" },
				"south": { "uv": [ 9.5, 3, 10.5, 3.5 ], "texture": "#Bottle1" },
				"west": { "uv": [ 9.5, 3, 15, 3.5 ], "texture": "#Bottle1" },
				"east": { "uv": [ 9.5, 3, 15, 3.5 ], "texture": "#Bottle1" }
			}
		},
		{
			"__comment": "Element",
			"from": [ 2, 0, 2 ],
			"to": [ 6, 1, 6 ],
			"faces": {
				"down": { "uv": [ 0.5, 6, 6.5, 12 ], "texture": "#bottle_base" },
				"up": { "uv": [ 0.5, 6, 6.5, 12 ], "texture": "#bottle_base" },
				"north": { "uv": [ 2, 14, 8, 16 ], "texture": "#bottle_base" },
				"south": { "uv": [ 2, 14, 8, 16 ], "texture": "#bottle_base" },
				"west": { "uv": [ 9, 14, 15, 16 ], "texture": "#bottle_base" },
				"east": { "uv": [ 9, 14, 15, 16 ], "texture": "#bottle_base" }
			}
		},
		{
			"__comment": "Element",
			"from": [ 7.5938, 0.3125, 7.5 ],
			"to": [ 8.5938, 13.9375, 8.5 ],
			"faces": {
				"down": { "uv": [ 7, 7, 9, 9 ], "texture": "#stand" },
				"up": { "uv": [ 7, 7, 9, 9 ], "texture": "#stand" },
				"north": { "uv": [ 7, 2, 9, 16 ], "texture": "#stand" },
				"south": { "uv": [ 7, 2, 9, 16 ], "texture": "#stand" },
				"west": { "uv": [ 7, 2, 9, 16 ], "texture": "#stand" },
				"east": { "uv": [ 7, 2, 9, 16 ], "texture": "#stand" }
			}
		},
		{
			"__comment": "Box25",
			"from": [ 7.8438, 0.875, 7.375 ],
			"to": [ 8.3438, 14.25, 8.625 ],
			"faces": {
				"down": { "uv": [ 7.84375, 7.375, 8.34375, 8.625 ], "texture": "#Bottle1" },
				"up": { "uv": [ 7.84375, 7.375, 8.34375, 8.625 ], "texture": "#Bottle1" },
				"north": { "uv": [ 7.65625, 2.375, 8.15625, 15.125 ], "texture": "#Bottle1" },
				"south": { "uv": [ 7.84375, 2.375, 8.34375, 15.125 ], "texture": "#Bottle1" },
				"west": { "uv": [ 7.375, 2.375, 8.625, 15.125 ], "texture": "#Bottle1" },
				"east": { "uv": [ 7.375, 2.375, 8.625, 15.125 ], "texture": "#Bottle1" }
			}
		},
		{
			"__comment": "Box25",
			"from": [ 7.4688, 1, 7.7188 ],
			"to": [ 8.7188, 14.25, 8.2813 ],
			"faces": {
				"down": { "uv": [ 7.46875, 7.75, 8.71875, 8.25 ], "texture": "#Bottle1" },
				"up": { "uv": [ 7.46875, 7.75, 8.71875, 8.25 ], "texture": "#Bottle1" },
				"north": { "uv": [ 7.28125, 2.25, 8.53125, 15 ], "texture": "#Bottle1" },
				"south": { "uv": [ 7.46875, 2.25, 8.71875, 15 ], "texture": "#Bottle1" },
				"west": { "uv": [ 7.75, 2.25, 8.25, 15 ], "texture": "#Bottle1" },
				"east": { "uv": [ 7.75, 2.25, 8.25, 15 ], "texture": "#Bottle1" }
			}
		},
		{
			"__comment": "Element",
			"from": [ 5.25, 0, 13.25 ],
			"to": [ 6, 2, 14 ],
			"faces": {
				"down": { "uv": [ 5.25, 2, 6, 2.75 ], "texture": "#wood" },
				"up": { "uv": [ 5.25, 13.25, 6, 14 ], "texture": "#wood" },
				"north": { "uv": [ 14, 14, 14.75, 16 ], "texture": "#wood" },
				"south": { "uv": [ 13.5, 14, 14.25, 16 ], "texture": "#wood" },
				"west": { "uv": [ 13.5, 14, 14.25, 16 ], "texture": "#wood" },
				"east": { "uv": [ 13.5, 14, 14.25, 16 ], "texture": "#wood" }
			}
		},
		{
			"__comment": "Element",
			"from": [ 2, 2, 10 ],
			"to": [ 6, 3, 14 ],
			"faces": {
				"down": { "uv": [ 2, 9, 8, 15 ], "texture": "#wood" },
				"up": { "uv": [ 6, 6, 10, 10 ], "texture": "#wood" },
				"north": { "uv": [ 1, 14, 7, 16 ], "texture": "#wood" },
				"south": { "uv": [ 1, 14, 7, 16 ], "texture": "#wood" },
				"west": { "uv": [ 1, 14, 7, 16 ], "texture": "#wood" },
				"east": { "uv": [ 1, 14, 7, 16 ], "texture": "#wood" }
			}
		},
		{
			"__comment": "Element",
			"from": [ 5.25, 0, 10 ],
			"to": [ 6, 2, 10.75 ],
			"faces": {
				"down": { "uv": [ 5.25, 5.25, 6, 6 ], "texture": "#wood" },
				"up": { "uv": [ 5.25, 10, 6, 10.75 ], "texture": "#wood" },
				"north": { "uv": [ 13.5, 14, 14.25, 16 ], "texture": "#wood" },
				"south": { "uv": [ 13.5, 14, 14.25, 16 ], "texture": "#wood" },
				"west": { "uv": [ 13.5, 14, 14.25, 16 ], "texture": "#wood" },
				"east": { "uv": [ 13.5, 14, 14.25, 16 ], "texture": "#wood" }
			}
		},
		{
			"__comment": "Element",
			"from": [ 2, 0, 13.25 ],
			"to": [ 2.75, 2, 14 ],
			"faces": {
				"down": { "uv": [ 2, 2, 2.75, 2.75 ], "texture": "#wood" },
				"up": { "uv": [ 2, 13.25, 2.75, 14 ], "texture": "#wood" },
				"north": { "uv": [ 13.5, 14, 14.25, 16 ], "texture": "#wood" },
				"south": { "uv": [ 13.5, 14, 14.25, 16 ], "texture": "#wood" },
				"west": { "uv": [ 13.5, 14, 14.25, 16 ], "texture": "#wood" },
				"east": { "uv": [ 13.5, 14, 14.25, 16 ], "texture": "#wood" }
			}
		},
		{
			"__comment": "Element",
			"from": [ 2, 0, 10 ],
			"to": [ 2.75, 2, 10.75 ],
			"faces": {
				"down": { "uv": [ 2, 5.25, 2.75, 6 ], "texture": "#wood" },
				"up": { "uv": [ 2, 10, 2.75, 10.75 ], "texture": "#wood" },
				"north": { "uv": [ 13.5, 14, 14.5, 16 ], "texture": "#wood" },
				"south": { "uv": [ 13.5, 14, 14.5, 16 ], "texture": "#wood" },
				"west": { "uv": [ 13.5, 14, 14.25, 16 ], "texture": "#wood" },
				"east": { "uv": [ 13.5, 14, 14.25, 16 ], "texture": "#wood" }
			}
		},
		{
			"__comment": "Element",
			"from": [ 7.4375, 13.5, 2.625 ],
			"to": [ 7.9375, 14, 7.5 ],
			"rotation": { "origin": [ 7.9375, 13.5, 7.5 ], "axis": "y", "angle": 45 },
			"faces": {
				"down": { "uv": [ 1, 3.5, 6.5, 3 ], "texture": "#Bottle1", "rotation": 90 },
				"up": { "uv": [ 1, 3, 6.5, 3.5 ], "texture": "#Bottle1", "rotation": 90 },
				"north": { "uv": [ 9.5, 3, 10.5, 3.5 ], "texture": "#Bottle1" },
				"south": { "uv": [ 9.5, 3, 10.5, 3.5 ], "texture": "#Bottle1" },
				"west": { "uv": [ 9.5, 3, 15, 3.5 ], "texture": "#Bottle1" },
				"east": { "uv": [ 9.5, 3, 15, 3.5 ], "texture": "#Bottle1" }
			}
		},
		{
			"__comment": "Element",
			"from": [ 7.625, 13.5, 8.125 ],
			"to": [ 8.125, 14, 13 ],
			"rotation": { "origin": [ 7.625, 13.5, 8.125 ], "axis": "y", "angle": -45 },
			"faces": {
				"down": { "uv": [ 1, 3.5, 6.5, 3 ], "texture": "#Bottle1", "rotation": 270 },
				"up": { "uv": [ 1, 3, 6.5, 3.5 ], "texture": "#Bottle1", "rotation": 270 },
				"north": { "uv": [ 9.5, 3, 10.5, 3.5 ], "texture": "#Bottle1" },
				"south": { "uv": [ 9.5, 3, 10.5, 3.5 ], "texture": "#Bottle1" },
				"west": { "uv": [ 9.5, 3, 15, 3.5 ], "texture": "#Bottle1" },
				"east": { "uv": [ 9.5, 3, 15, 3.5 ], "texture": "#Bottle1" }
			}
		},
		{
			"__comment": "Element",
			"from": [ 4.0312, 13.1562, 3.7188 ],
			"to": [ 4.5312, 13.9062, 4.0938 ],
			"rotation": { "origin": [ 4.53125, 13.15625, 4.09375 ], "axis": "y", "angle": 45 },
			"faces": {
				"down": { "uv": [ 1, 3.5, 6.5, 3 ], "texture": "#Bottle1", "rotation": 90 },
				"up": { "uv": [ 1, 3, 6.5, 3.5 ], "texture": "#Bottle1", "rotation": 90 },
				"north": { "uv": [ 9.5, 3, 10.5, 3.5 ], "texture": "#Bottle1" },
				"south": { "uv": [ 9.5, 3, 10.5, 3.5 ], "texture": "#Bottle1" },
				"west": { "uv": [ 9.5, 3, 15, 3.5 ], "texture": "#Bottle1" },
				"east": { "uv": [ 9.5, 3, 15, 3.5 ], "texture": "#Bottle1" }
			}
		},
		{
			"__comment": "Element",
			"from": [ 13, 13.1562, 7.75 ],
			"to": [ 13.375, 13.9062, 8.25 ],
			"faces": {
				"down": { "uv": [ 1, 3.5, 6.5, 3 ], "texture": "#Bottle1" },
				"up": { "uv": [ 1, 3, 6.5, 3.5 ], "texture": "#Bottle1", "rotation": 180 },
				"north": { "uv": [ 9.5, 3, 15, 3.5 ], "texture": "#Bottle1" },
				"south": { "uv": [ 9.5, 3, 15, 3.5 ], "texture": "#Bottle1" },
				"west": { "uv": [ 9.5, 3, 10.5, 3.5 ], "texture": "#Bottle1" },
				"east": { "uv": [ 9.5, 3, 10.5, 3.5 ], "texture": "#Bottle1" }
			}
		},
		{
			"__comment": "Element",
			"from": [ 13.125, 12.75, 7.75 ],
			"to": [ 13.5, 13.5, 8.25 ],
			"faces": {
				"down": { "uv": [ 1, 3.5, 6.5, 3 ], "texture": "#Bottle1" },
				"up": { "uv": [ 1, 3, 6.5, 3.5 ], "texture": "#Bottle1", "rotation": 180 },
				"north": { "uv": [ 9.5, 3, 15, 3.5 ], "texture": "#Bottle1" },
				"south": { "uv": [ 9.5, 3, 15, 3.5 ], "texture": "#Bottle1" },
				"west": { "uv": [ 9.5, 3, 10.5, 3.5 ], "texture": "#Bottle1" },
				"east": { "uv": [ 9.5, 3, 10.5, 3.5 ], "texture": "#Bottle1" }
			}
		},
		{
			"__comment": "Element",
			"from": [ 4.0625, 12.75, 11.6875 ],
			"to": [ 4.5625, 13.5, 12.0625 ],
			"rotation": { "origin": [ 4.0625, 12.75, 11.6875 ], "axis": "y", "angle": -45 },
			"faces": {
				"down": { "uv": [ 1, 3.5, 6.5, 3 ], "texture": "#Bottle1", "rotation": 270 },
				"up": { "uv": [ 1, 3, 6.5, 3.5 ], "texture": "#Bottle1", "rotation": 270 },
				"north": { "uv": [ 9.5, 3, 10.5, 3.5 ], "texture": "#Bottle1" },
				"south": { "uv": [ 9.5, 3, 10.5, 3.5 ], "texture": "#Bottle1" },
				"west": { "uv": [ 9.5, 3, 15, 3.5 ], "texture": "#Bottle1" },
				"east": { "uv": [ 9.5, 3, 15, 3.5 ], "texture": "#Bottle1" }
			}
		},
		{
			"__comment": "Element",
			"from": [ 4.1875, 13.1562, 11.5625 ],
			"to": [ 4.6875, 13.9062, 11.9375 ],
			"rotation": { "origin": [ 4.1875, 13.15625, 11.5625 ], "axis": "y", "angle": -45 },
			"faces": {
				"down": { "uv": [ 1, 3.5, 6.5, 3 ], "texture": "#Bottle1", "rotation": 270 },
				"up": { "uv": [ 1, 3, 6.5, 3.5 ], "texture": "#Bottle1", "rotation": 270 },
				"north": { "uv": [ 9.5, 3, 10.5, 3.5 ], "texture": "#Bottle1" },
				"south": { "uv": [ 9.5, 3, 10.5, 3.5 ], "texture": "#Bottle1" },
				"west": { "uv": [ 9.5, 3, 15, 3.5 ], "texture": "#Bottle1" },
				"east": { "uv": [ 9.5, 3, 15, 3.5 ], "texture": "#Bottle1" }
			}
		}
	]
}