{
	"__comment": "Designed by Filmjolk",
	"parent": "block/block",
	"textures": {
		"particle": "block/dark_oak_door_top",
		"texture": "block/dark_oak_fence",
		"texture1": "block/dark_oak_fence2"
	},
	"elements": [ 	 
		{
			"__comment": "Box1",
			"from": [ 5.5, -1, 5.5 ],
			"to": [ 10.5, 14, 10.5 ],
			"faces": {
				"down": { "uv": [ 2.5, 11, 7.5, 16 ], "texture": "#texture1" },
				"up": { "uv": [ 2.5, 6, 7.5, 11 ], "texture": "#texture1" },
				"north": { "uv": [ 7.5, 3, 12.5, 16 ], "texture": "#texture1" },
				"south": { "uv": [ 7.5, 3.000001, 12.5, 16 ], "texture": "#texture1" },
				"west": { "uv": [ 7.5, 2.999999, 12.5, 16 ], "texture": "#texture1" },
				"east": { "uv": [ 7.5, 3, 12.5, 16 ], "texture": "#texture1" }
			}
		},
		{
			"__comment": "Box1",
			"from": [ 4.5, 14, 4.5 ],
			"to": [ 11.5, 15, 11.5 ],
			"faces": {
				"down": { "uv": [ 1.5, 1.5, 2, 2 ], "texture": "#texture" },
				"up": { "uv": [ 0, 0, 7, 7 ], "texture": "#texture" },
				"north": { "uv": [ 0, 7, 7, 8 ], "texture": "#texture" },
				"south": { "uv": [ 0, 7, 7, 8 ], "texture": "#texture" },
				"west": { "uv": [ 0, 7, 7, 8 ], "texture": "#texture" },
				"east": { "uv": [ 0, 7, 7, 8 ], "texture": "#texture" }
			}
		}
	]
}