{
	"__comment": "Designed by Filmjolk",
	"parent": "block/block",
	"textures": {
		"particle": "block/dark_oak_door_top",
		"texture": "block/dark_oak_fence",
		"texture1": "block/dark_oak_fence2"
	},
	"elements": [ 	 
		{
			"__comment": "Box1",
			"from": [ 6, 9, 0 ],
			"to": [ 10, 11, 8 ],
			"faces": {
				"down": { "uv": [ 9, 0, 13, 8 ], "texture": "#texture", "rotation": 180 },
				"up": { "uv": [ 9, 0, 13, 8 ], "texture": "#texture" },
				"north": { "uv": [ 3, 14, 7, 16 ], "texture": "#texture" },
				"south": { "uv": [ 3, 14, 7, 16 ], "texture": "#texture" },
				"west": { "uv": [ 7, 0, 9, 8 ], "texture": "#texture", "rotation": 270 },
				"east": { "uv": [ 7, 0, 9, 8 ], "texture": "#texture", "rotation": 270 }
			}
		},
		{
			"__comment": "Box1",
			"from": [ 6.75, 0, 1.5 ],
			"to": [ 9.25, 9, 4 ],
			"faces": {
				"down": { "uv": [ 0, 13.5, 2.5, 16 ], "texture": "#texture1", "rotation": 270 },
				"up": { "uv": [ 0, 1.5, 2.5, 4 ], "texture": "#texture1", "rotation": 90 },
				"north": { "uv": [ 0, 4, 2.5, 13.5 ], "texture": "#texture1" },
				"south": { "uv": [ 0, 4, 2.5, 13.5 ], "texture": "#texture1" },
				"west": { "uv": [ 0, 4, 2.5, 13.5 ], "texture": "#texture1" },
				"east": { "uv": [ 0, 4, 2.5, 13.5 ], "texture": "#texture1" }
			}
		}
	]
}