{
	"__comment": "Designed by Filmjolk",
	"parent": "block/block",
	"textures": {
		"particle": "block/dark_oak_door_top",
		"texture": "block/dark_oak_fence",
		"texture1": "block/dark_oak_fence2"
	},
	"elements": [ 	 
		{
			"__comment": "Box1",
			"from": [ 0, 9, 6 ],
			"to": [ 16, 11, 10 ],
			"faces": {
				"down": { "uv": [ 9, 0, 13, 8 ], "texture": "#texture", "rotation": 90 },
				"up": { "uv": [ 9, 0, 13, 8 ], "texture": "#texture", "rotation": 90 },
				"north": { "uv": [ 7, 0, 9, 8 ], "texture": "#texture", "rotation": 270 },
				"south": { "uv": [ 7, 0, 9, 8 ], "texture": "#texture", "rotation": 270 },
				"west": { "uv": [ 3, 14, 7, 16 ], "texture": "#texture" },
				"east": { "uv": [ 3, 14, 7, 16 ], "texture": "#texture" }
			}
		},
		{
			"__comment": "Box1",
			"from": [ 12, 0, 6.75 ],
			"to": [ 14.5, 9, 9.25 ],
			"faces": {
				"down": { "uv": [ 0, 13.5, 2.5, 16 ], "texture": "#texture1", "rotation": 180 },
				"up": { "uv": [ 0, 1.5, 2.5, 4 ], "texture": "#texture1", "rotation": 180 },
				"north": { "uv": [ 0, 4, 2.5, 13.5 ], "texture": "#texture1" },
				"south": { "uv": [ 0, 4, 2.5, 13.5 ], "texture": "#texture1" },
				"west": { "uv": [ 0, 4, 2.5, 13.5 ], "texture": "#texture1" },
				"east": { "uv": [ 0, 4, 2.5, 13.5 ], "texture": "#texture1" }
			}
		},
		{
			"__comment": "Box1",
			"from": [ 6.75, 0, 6.75 ],
			"to": [ 9.25, 9, 9.25 ],
			"faces": {
				"down": { "uv": [ 0, 13.5, 2.5, 16 ], "texture": "#texture1", "rotation": 180 },
				"up": { "uv": [ 0, 1.5, 2.5, 4 ], "texture": "#texture1", "rotation": 180 },
				"north": { "uv": [ 0, 4, 2.5, 13.5 ], "texture": "#texture1" },
				"south": { "uv": [ 0, 4, 2.5, 13.5 ], "texture": "#texture1" },
				"west": { "uv": [ 0, 4, 2.5, 13.5 ], "texture": "#texture1" },
				"east": { "uv": [ 0, 4, 2.5, 13.5 ], "texture": "#texture1" }
			}
		},
		{
			"__comment": "Box1",
			"from": [ 1.5, 0, 6.75 ],
			"to": [ 4, 9, 9.25 ],
			"faces": {
				"down": { "uv": [ 0, 13.5, 2.5, 16 ], "texture": "#texture1", "rotation": 180 },
				"up": { "uv": [ 0, 1.5, 2.5, 4 ], "texture": "#texture1", "rotation": 180 },
				"north": { "uv": [ 0, 4, 2.5, 13.5 ], "texture": "#texture1" },
				"south": { "uv": [ 0, 4, 2.5, 13.5 ], "texture": "#texture1" },
				"west": { "uv": [ 0, 4, 2.5, 13.5 ], "texture": "#texture1" },
				"east": { "uv": [ 0, 4, 2.5, 13.5 ], "texture": "#texture1" }
			}
		}
	],
	"display": {
		"gui": {
			"rotation":  [ 30, 45, 0 ],
            "translation": [ 0, 1.5, 0 ],
			"scale":  [ 0.9, 0.9, 0.9 ]
		},
		"fixed": {
			"rotation":  [ 0, 0, 0 ],
			"scale":  [ 0.5, 0.5, 0.5 ]
		},
        "thirdperson_righthand": {
            "rotation": [ 75, 45, 0 ],
            "translation": [ 0, 2.5, 0],
            "scale": [ 0.375, 0.375, 0.375 ]
        },
        "firstperson_righthand": {
            "rotation": [ 0, 135, 0 ],
            "translation": [ 0, 1.5, 0 ],
            "scale": [ 0.30, 0.40, 0.30 ]
        },
        "firstperson_lefthand": {
            "rotation": [ 0, 135, 0 ],
            "translation": [ 0, 1.5, 0 ],
            "scale": [ 0.30, 0.40, 0.30 ]
        }
    }
}