{
	"__comment": "Designed by Filmjolk",
	"parent": "block/block",
	"textures": {
		"particle": "block/dark_oak_door_top",
		"texture": "block/dark_oak_fence",
		"texture1": "block/dark_oak_fence2"
	},
	"elements": [ 	 
		{
			"__comment": "Box1",
			"from": [ -2, 0, 5.5 ],
			"to": [ 3, 14, 10.5 ],
			"faces": {
				"down": { "uv": [ 2.5, 11, 7.5, 16 ], "texture": "#texture1" },
				"up": { "uv": [ 2.5, 6, 7.5, 11 ], "texture": "#texture1" },
				"north": { "uv": [ 7.5, 3, 12.5, 16 ], "texture": "#texture1" },
				"south": { "uv": [ 7.5, 3, 12.5, 16 ], "texture": "#texture1" },
				"west": { "uv": [ 7.5, 3, 12.5, 16 ], "texture": "#texture1" },
				"east": { "uv": [ 7.5, 3, 12.5, 16 ], "texture": "#texture1" }
			}
		},
		{
			"__comment": "Box1",
			"from": [ -3, 14, 4.5 ],
			"to": [ 4, 15, 11.5 ],
			"faces": {
				"down": { "uv": [ 1.5, 1.5, 2, 2 ], "texture": "#texture" },
				"up": { "uv": [ 0, 0, 7, 7 ], "texture": "#texture" },
				"north": { "uv": [ 0, 7, 7, 8 ], "texture": "#texture" },
				"south": { "uv": [ 0, 7, 7, 8 ], "texture": "#texture" },
				"west": { "uv": [ 0, 7, 7, 8 ], "texture": "#texture" },
				"east": { "uv": [ 0, 7, 7, 8 ], "texture": "#texture" }
			}
		},
		{
			"__comment": "Box1",
			"from": [ 13, 0, 5.5 ],
			"to": [ 18, 14, 10.5 ],
			"faces": {
				"down": { "uv": [ 2.5, 11, 7.5, 16 ], "texture": "#texture1" },
				"up": { "uv": [ 2.5, 6, 7.5, 11 ], "texture": "#texture1" },
				"north": { "uv": [ 7.5, 3, 12.5, 16 ], "texture": "#texture1" },
				"south": { "uv": [ 7.5, 3, 12.5, 16 ], "texture": "#texture1" },
				"west": { "uv": [ 7.5, 3, 12.5, 16 ], "texture": "#texture1" },
				"east": { "uv": [ 7.5, 3, 12.5, 16 ], "texture": "#texture1" }
			}
		},
		{
			"__comment": "Box1",
			"from": [ 12, 14, 4.5 ],
			"to": [ 19, 15, 11.5 ],
			"faces": {
				"down": { "uv": [ 1.5, 1.5, 2, 2 ], "texture": "#texture" },
				"up": { "uv": [ 0, 0, 7, 7 ], "texture": "#texture" },
				"north": { "uv": [ 0, 7, 7, 8 ], "texture": "#texture" },
				"south": { "uv": [ 0, 7, 7, 8 ], "texture": "#texture" },
				"west": { "uv": [ 0, 7, 7, 8 ], "texture": "#texture" },
				"east": { "uv": [ 0, 7, 7, 8 ], "texture": "#texture" }
			}
		},
		{
			"__comment": "Box5",
			"from": [ 3, 9, 6 ],
			"to": [ 13, 11, 10 ],
			"faces": {
				"down": { "uv": [ 9, 0, 13, 16 ], "texture": "#texture", "rotation": 270 },
				"up": { "uv": [ 9, 0, 13, 10 ], "texture": "#texture", "rotation": 270 },
				"north": { "uv": [ 7, 0, 9, 16 ], "texture": "#texture", "rotation": 270 },
				"south": { "uv": [ 7, 0, 9, 16 ], "texture": "#texture", "rotation": 270 },
				"west": { "uv": [ 6, 5, 10, 7 ], "texture": "#texture" },
				"east": { "uv": [ 6, 5, 10, 7 ], "texture": "#texture" }
			}
		},
		{
			"__comment": "Box5",
			"from": [ 6.75, 0, 6.75 ],
			"to": [ 9.25, 9, 9.25 ],
			"faces": {
				"down": { "uv": [ 0, 13.5, 2.5, 16 ], "texture": "#texture1" },
				"up": { "uv": [ 0, 1.5, 2.5, 4 ], "texture": "#texture1" },
				"north": { "uv": [ 0, 4, 2.5, 13.5 ], "texture": "#texture1" },
				"south": { "uv": [ 0, 4, 2.5, 13.5 ], "texture": "#texture1" },
				"west": { "uv": [ 0, 4, 2.5, 13.5 ], "texture": "#texture1" },
				"east": { "uv": [ 0, 4, 2.5, 13.5 ], "texture": "#texture1" }
			}
		}
	],
	"display": {
		"gui": {
			"rotation":  [ 30, 45, 0 ],
            "translation": [ 0, 0, 0 ],
			"scale":  [ 0.65, 0.65, 0.65 ]
		},
		"fixed": {
			"rotation":  [ 0, 0, 0 ],
			"scale":  [ 0.5, 0.5, 0.5 ]
		},
        "thirdperson_righthand": {
            "rotation": [ 75, 45, 0 ],
            "translation": [ 0, 2.5, 0],
            "scale": [ 0.375, 0.375, 0.375 ]
        },
        "firstperson_righthand": {
            "rotation": [ 0, 135, 0 ],
            "translation": [ 0, 0.5, 0 ],
            "scale": [ 0.30, 0.40, 0.30 ]
        },
        "firstperson_lefthand": {
            "rotation": [ 0, 135, 0 ],
            "translation": [ 0, 0.5, 0 ],
            "scale": [ 0.30, 0.40, 0.30 ]
        }
    }
}