{
"__comment": "Designed by Filmjolk",
"ambientocclusion": false,
"textures": {
    "particle": "block/rail_normal",
    "texture": "block/rail_normal",
    "rail_detector": "block/rail_detector",
    "anvil_base": "block/anvil_base"
},
"elements": [ 
{
    "from": [ 1, 0, 12.875 ],
    "to": [ 15, 0.5, 14.125 ],
    "faces": {
        "down":  { "uv": [ 1, 14.5, 15, 13 ], "texture": "#texture" },
        "up":    { "uv": [ 1, 13, 15, 14.5 ], "texture": "#texture" },
        "north": { "uv": [ 4.5, 14.5, 11.5, 15 ], "texture": "#texture" },
        "south": { "uv": [ 4.5, 14.5, 11.5, 15 ], "texture": "#texture" },
        "west":  { "uv": [ 7.5, 14.5, 9.5, 15 ], "texture": "#texture" },
        "east":  { "uv": [ 7, 14.5, 9, 15 ], "texture": "#texture" }
    }
},
{
    "from": [ 1, 0, 1.875 ],
    "to": [ 15, 0.5, 3.125 ],
    "faces": {
        "down":  { "uv": [ 1, 3.5, 15, 2 ], "texture": "#texture" },
        "up":    { "uv": [ 1, 2, 15, 3.5 ], "texture": "#texture" },
        "north": { "uv": [ 4.5, 14.5, 11.5, 15 ], "texture": "#texture" },
        "south": { "uv": [ 4.5, 14.5, 11.5, 15 ], "texture": "#texture" },
        "west":  { "uv": [ 7.5, 14.5, 9.5, 15 ], "texture": "#texture" },
        "east":  { "uv": [ 7, 14.5, 9, 15 ], "texture": "#texture" }
    }
},
{
    "from": [ 1.5, 0, 1.5 ],
    "to": [ 14.5, 0.5, 3.5 ],
    "faces": {
        "down":  { "uv": [ 1.5, 4, 14.5, 1.5 ], "texture": "#texture" },
        "up":    { "uv": [ 1.5, 1.5, 14.5, 4 ], "texture": "#texture" },
        "north": { "uv": [ 4.5, 14.5, 11.5, 15 ], "texture": "#texture" },
        "south": { "uv": [ 4.5, 14.5, 11.5, 15 ], "texture": "#texture" },
        "west":  { "uv": [ 7.5, 14.5, 9.5, 15 ], "texture": "#texture" },
        "east":  { "uv": [ 7.5, 14.5, 9.5, 15 ], "texture": "#texture" }
    }
},
{
    "from": [ 1.5, 0, 12.5 ],
    "to": [ 14.5, 0.5, 14.5 ],
    "faces": {
        "down":  { "uv": [ 1.5, 15, 14.5, 12.5 ], "texture": "#texture" },
        "up":    { "uv": [ 1.5, 12.5, 14.5, 15 ], "texture": "#texture" },
        "north": { "uv": [ 4.5, 14.5, 11.5, 15 ], "texture": "#texture" },
        "south": { "uv": [ 4.5, 14.5, 11.5, 15 ], "texture": "#texture" },
        "west":  { "uv": [ 7.5, 14.5, 9.5, 15 ], "texture": "#texture" },
        "east":  { "uv": [ 7, 14.5, 9, 15 ], "texture": "#texture" }
    }
},
{
    "from": [ 11.5, 0, 0 ],
    "to": [ 13, 1, 16 ],
    "faces": {
        "down":  { "uv": [ 11.5, 16, 13, 0 ], "texture": "#texture" },
        "up":    { "uv": [ 11.5, 0, 13, 16 ], "texture": "#texture" },
        "north": { "uv": [ 3, 15, 3.5, 15.5 ], "texture": "#texture" },
        "south": { "uv": [ 11.5, 15, 12, 15.5 ], "texture": "#texture" },
        "west":  { "uv": [ 3, 8, 3.5, 8.5 ], "rotation": 90, "texture": "#texture" },
        "east":  { "uv": [ 4, 8, 4.5, 8.5 ], "texture": "#texture" }
    }
},
{
    "from": [ 3, 0, 0 ],
    "to": [ 4.5, 1, 16 ],
    "faces": {
        "down":  { "uv": [ 3, 16, 4.5, 0 ], "texture": "#texture" },
        "up":    { "uv": [ 3, 0, 4.5, 16 ], "texture": "#texture" },
        "north": { "uv": [ 11.5, 15, 12, 15.5 ], "texture": "#texture" },
        "south": { "uv": [ 4, 11.5, 4.5, 12 ], "texture": "#texture" },
        "west":  { "uv": [ 3, 14, 3.5, 13.5 ], "rotation": 90, "texture": "#texture" },
        "east":  { "uv": [ 4, 8.5, 4.5, 8 ], "texture": "#texture" }
    }
},
{
    "from": [ 2.5, 0.5, 4.5 ],
    "to": [ 3.5, 1.5, 12 ],
    "faces": {
        "down":  { "uv": [ 13.5, 12, 12.5, 4.5 ], "texture": "#rail_detector" },
        "up":    { "uv": [ 2.5, 4.5, 3.5, 12 ], "texture": "#rail_detector" },
        "north": { "uv": [ 12.5, 14.5, 13.5, 15.5 ], "texture": "#anvil_base" },
        "south": { "uv": [ 2.5, 14.5, 3.5, 15.5 ], "texture": "#anvil_base" },
        "west":  { "uv": [ 4.5, 14.5, 12, 15.5 ], "texture": "#anvil_base" },
        "east":  { "uv": [ 4, 14.5, 11.5, 15.5 ], "texture": "#anvil_base" }
    }
},
{
    "from": [ 12.5, 0.5, 4.5 ],
    "to": [ 13.5, 1.5, 12 ],
    "faces": {
        "down":  { "uv": [ 3.5, 12, 2.5, 4.5 ], "texture": "#rail_detector" },
        "up":    { "uv": [ 12.5, 4.5, 13.5, 12 ], "texture": "#rail_detector" },
        "north": { "uv": [ 2.5, 14.5, 3.5, 15.5 ], "texture": "#anvil_base" },
        "south": { "uv": [ 12.5, 14.5, 13.5, 15.5 ], "texture": "#anvil_base" },
        "west":  { "uv": [ 4.5, 14.5, 12, 15.5 ], "texture": "#anvil_base" },
        "east":  { "uv": [ 4, 14.5, 11.5, 15.5 ], "texture": "#anvil_base" }
    }
},
{
    "from": [ 2, 0.5, 5 ],
    "to": [ 2.5, 1.5, 11.5 ],
    "faces": {
        "down":  { "uv": [ 14, 11.5, 13.5, 5 ], "texture": "#rail_detector" },
        "up":    { "uv": [ 2, 5, 2.5, 11.5 ], "texture": "#rail_detector" },
        "north": { "uv": [ 13.5, 14.5, 14, 15.5 ], "texture": "#anvil_base" },
        "south": { "uv": [ 2, 14.5, 2.5, 15.5 ], "texture": "#anvil_base" },
        "west":  { "uv": [ 5, 14.5, 11.5, 15.5 ], "texture": "#anvil_base" },
        "east":  { "uv": [ 4.5, 14.5, 11, 15.5 ], "texture": "#anvil_base" }
    }
},
{
    "from": [ 13.5, 0.5, 5 ],
    "to": [ 14, 1.5, 11.5 ],
    "faces": {
        "down":  { "uv": [ 2.5, 11.5, 2, 5 ], "texture": "#rail_detector" },
        "up":    { "uv": [ 13.5, 5, 14, 11.5 ], "texture": "#rail_detector" },
        "north": { "uv": [ 2, 14.5, 2.5, 15.5 ], "texture": "#anvil_base" },
        "south": { "uv": [ 13.5, 14.5, 14, 15.5 ], "texture": "#anvil_base" },
        "west":  { "uv": [ 5, 14.5, 11.5, 15.5 ], "texture": "#anvil_base" },
        "east":  { "uv": [ 4.5, 14.5, 11, 15.5 ], "texture": "#anvil_base" }
    }
},
{
    "from": [ 4, 0.5, 4.5 ],
    "to": [ 6, 1.5, 12 ],
    "faces": {
        "down":  { "uv": [ 12, 12, 10, 4.5 ], "texture": "#rail_detector" },
        "up":    { "uv": [ 4, 4.5, 6, 12 ], "texture": "#rail_detector" },
        "north": { "uv": [ 10, 14.5, 12, 15.5 ], "texture": "#anvil_base" },
        "south": { "uv": [ 4, 14.5, 6, 15.5 ], "texture": "#anvil_base" },
        "west":  { "uv": [ 4.5, 14.5, 12, 15.5 ], "texture": "#anvil_base" },
        "east":  { "uv": [ 4, 14.5, 11.5, 15.5 ], "texture": "#anvil_base" }
    }
},
{
    "from": [ 10, 0.5, 4.5 ],
    "to": [ 12, 1.5, 12 ],
    "faces": {
        "down":  { "uv": [ 6, 12, 4, 4.5 ], "texture": "#rail_detector" },
        "up":    { "uv": [ 10, 4.5, 12, 12 ], "texture": "#rail_detector" },
        "north": { "uv": [ 4, 14.5, 6, 15.5 ], "texture": "#anvil_base" },
        "south": { "uv": [ 10, 14.5, 12, 15.5 ], "texture": "#anvil_base" },
        "west":  { "uv": [ 4.5, 14.5, 12, 15.5 ], "texture": "#anvil_base" },
        "east":  { "uv": [ 4, 14.5, 11.5, 15.5 ], "texture": "#anvil_base" }
    }
},
{
    "from": [ 6, 0.5, 5.5 ],
    "to": [ 10, 1.5, 7 ],
    "faces": {
        "down":  { "uv": [ 10, 7, 6, 5.5 ], "texture": "#rail_detector" },
        "up":    { "uv": [ 6, 5.5, 10, 7 ], "texture": "#rail_detector" },
        "north": { "uv": [ 6, 14.5, 10, 15.5 ], "texture": "#anvil_base" },
        "south": { "uv": [ 6, 14.5, 10, 15.5 ], "texture": "#anvil_base" },
        "west":  { "uv": [ 5.5, 14.5, 7, 15.5 ], "texture": "#anvil_base" },
        "east":  { "uv": [ 9, 14.5, 10.5, 15.5 ], "texture": "#anvil_base" }
    }
},
{
    "from": [ 6, 0.5, 9.5 ],
    "to": [ 10, 1.5, 11 ],
    "faces": {
        "down":  { "uv": [ 10, 11, 6, 9.5 ], "texture": "#rail_detector" },
        "up":    { "uv": [ 6, 9.5, 10, 11 ], "texture": "#rail_detector" },
        "north": { "uv": [ 6, 14.5, 10, 15.5 ], "texture": "#anvil_base" },
        "south": { "uv": [ 6, 14.5, 10, 15.5 ], "texture": "#anvil_base" },
        "west":  { "uv": [ 9.5, 14.5, 11, 15.5 ], "texture": "#anvil_base" },
        "east":  { "uv": [ 5, 14.5, 6.5, 15.5 ], "texture": "#anvil_base" }
    }
}
]
}