{
    "parent": "block/cube",
    "display": {
        "firstperson_righthand": {
            "rotation": [ 0, 135, 0 ],
            "translation": [ 0, 0, 0 ],
            "scale": [ 0.40, 0.40, 0.40 ]
        }
    },
    "textures": {
        "particle": "block/furnace_bottom",
        "down": "block/furnace_bottom",
        "up": "block/furnace_top",
        "north": "block/furnace_front_off",
        "east": "block/furnace_side_off",
        "south": "block/furnace_back",
        "west": "block/furnace_side_off"
    }
}
