{
"__comment": "Designed by Filmjolk",
"ambientocclusion": false,
"textures": {
    "particle": "block/rail_normal",
    "texture": "block/rail_normal",
    "rail_golden": "block/rail_golden"
},
"elements": [ 
{
    "from": [ 1, 0, 12.875 ],
    "to": [ 15, 0.5, 14.125 ],
    "faces": {
        "down":  { "uv": [ 1, 14.5, 15, 13 ], "texture": "#texture" },
        "up":    { "uv": [ 1, 13, 15, 14.5 ], "texture": "#texture" },
        "north": { "uv": [ 4.5, 14.5, 11.5, 15 ], "texture": "#texture" },
        "south": { "uv": [ 4.5, 14.5, 11.5, 15 ], "texture": "#texture" },
        "west":  { "uv": [ 7.5, 14.5, 9.5, 15 ], "texture": "#texture" },
        "east":  { "uv": [ 7, 14.5, 9, 15 ], "texture": "#texture" }
    }
},
{
    "from": [ 1, 0, 7.375 ],
    "to": [ 15, 0.5, 8.625 ],
    "faces": {
        "down":  { "uv": [ 1, 9, 15, 7.5 ], "texture": "#texture" },
        "up":    { "uv": [ 1, 7.5, 15, 9 ], "texture": "#texture" },
        "north": { "uv": [ 4.5, 14.5, 11.5, 15 ], "texture": "#texture" },
        "south": { "uv": [ 4.5, 14.5, 11.5, 15 ], "texture": "#texture" },
        "west":  { "uv": [ 7.5, 14.5, 9.5, 15 ], "texture": "#texture" },
        "east":  { "uv": [ 7, 14.5, 9, 15 ], "texture": "#texture" }
    }
},
{
    "from": [ 1, 0, 1.875 ],
    "to": [ 15, 0.5, 3.125 ],
    "faces": {
        "down":  { "uv": [ 1, 3.5, 15, 2 ], "texture": "#texture" },
        "up":    { "uv": [ 1, 2, 15, 3.5 ], "texture": "#texture" },
        "north": { "uv": [ 4.5, 14.5, 11.5, 15 ], "texture": "#texture" },
        "south": { "uv": [ 4.5, 14.5, 11.5, 15 ], "texture": "#texture" },
        "west":  { "uv": [ 7.5, 14.5, 9.5, 15 ], "texture": "#texture" },
        "east":  { "uv": [ 7, 14.5, 9, 15 ], "texture": "#texture" }
    }
},
{
    "from": [ 1.5, 0, 1.5 ],
    "to": [ 14.5, 0.5, 3.5 ],
    "faces": {
        "down":  { "uv": [ 1.5, 4, 14.5, 1.5 ], "texture": "#texture" },
        "up":    { "uv": [ 1.5, 1.5, 14.5, 4 ], "texture": "#texture" },
        "north": { "uv": [ 4.5, 14.5, 11.5, 15 ], "texture": "#texture" },
        "south": { "uv": [ 4.5, 14.5, 11.5, 15 ], "texture": "#texture" },
        "west":  { "uv": [ 7.5, 14.5, 9.5, 15 ], "texture": "#texture" },
        "east":  { "uv": [ 7.5, 14.5, 9.5, 15 ], "texture": "#texture" }
    }
},
{
    "from": [ 1.5, 0, 7 ],
    "to": [ 14.5, 0.5, 9 ],
    "faces": {
        "down":  { "uv": [ 1.5, 9.5, 14.5, 7 ], "texture": "#texture" },
        "up":    { "uv": [ 1.5, 7, 14.5, 9.5 ], "texture": "#texture" },
        "north": { "uv": [ 4.5, 14.5, 11.5, 15 ], "texture": "#texture" },
        "south": { "uv": [ 4.5, 14.5, 11.5, 15 ], "texture": "#texture" },
        "west":  { "uv": [ 7, 14.5, 9, 15 ], "texture": "#texture" },
        "east":  { "uv": [ 7.5, 14.5, 9.5, 15 ], "texture": "#texture" }
    }
},
{
    "from": [ 1.5, 0, 12.5 ],
    "to": [ 14.5, 0.5, 14.5 ],
    "faces": {
        "down":  { "uv": [ 1.5, 15, 14.5, 12.5 ], "texture": "#texture" },
        "up":    { "uv": [ 1.5, 12.5, 14.5, 15 ], "texture": "#texture" },
        "north": { "uv": [ 4.5, 14.5, 11.5, 15 ], "texture": "#texture" },
        "south": { "uv": [ 4.5, 14.5, 11.5, 15 ], "texture": "#texture" },
        "west":  { "uv": [ 7.5, 14.5, 9.5, 15 ], "texture": "#texture" },
        "east":  { "uv": [ 7, 14.5, 9, 15 ], "texture": "#texture" }
    }
},
{
    "from": [ 11.5, 0, 0 ],
    "to": [ 13, 1, 16 ],
    "faces": {
        "down":  { "uv": [ 11.5, 16, 13, 0 ], "texture": "#texture" },
        "up":    { "uv": [ 11.5, 0, 13, 16 ], "texture": "#texture" },
        "north": { "uv": [ 3, 15, 3.5, 15.5 ], "texture": "#texture" },
        "south": { "uv": [ 11.5, 15, 12, 15.5 ], "texture": "#texture" },
        "west":  { "uv": [ 3, 8, 3.5, 8.5 ], "rotation": 90, "texture": "#texture" },
        "east":  { "uv": [ 4, 8, 4.5, 8.5 ], "texture": "#texture" }
    }
},
{
    "from": [ 3, 0, 0 ],
    "to": [ 4.5, 1, 16 ],
    "faces": {
        "down":  { "uv": [ 3, 16, 4.5, 0 ], "texture": "#texture" },
        "up":    { "uv": [ 3, 0, 4.5, 16 ], "texture": "#texture" },
        "north": { "uv": [ 11.5, 15, 12, 15.5 ], "texture": "#texture" },
        "south": { "uv": [ 4, 11.5, 4.5, 12 ], "texture": "#texture" },
        "west":  { "uv": [ 3, 14, 3.5, 13.5 ], "rotation": 90, "texture": "#texture" },
        "east":  { "uv": [ 4, 8.5, 4.5, 8 ], "texture": "#texture" }
    }
},
{
    "from": [ 1.5, 0.5, 3.5 ],
    "to": [ 2, 1.25, 13 ],
    "faces": {
        "down":  { "uv": [ 14.5, 13, 14, 3.5 ], "texture": "#rail_golden" },
        "up":    { "uv": [ 1.5, 3.5, 2, 13 ], "texture": "#rail_golden" },
        "north": { "uv": [ 14, 8.5, 14.5, 9.5 ], "texture": "#rail_golden" },
        "south": { "uv": [ 5.5, 8, 6, 9 ], "texture": "#rail_golden" },
        "west":  { "uv": [ 1.5, 3.5, 2.5, 13 ], "rotation": 90, "texture": "#rail_golden" },
        "east":  { "uv": [ 5, 3.5, 6, 13 ], "rotation": 90, "texture": "#rail_golden" }
    }
},
{
    "from": [ 2, 0.5, 3 ],
    "to": [ 2.5, 1.5, 13.5 ],
    "faces": {
        "down":  { "uv": [ 14, 13.5, 13.5, 3 ], "texture": "#rail_golden" },
        "up":    { "uv": [ 2, 3, 2.5, 13.5 ], "texture": "#rail_golden" },
        "north": { "uv": [ 14, 12, 14.5, 13 ], "texture": "#rail_golden" },
        "south": { "uv": [ 1.5, 5.5, 2, 6.5 ], "texture": "#rail_golden" },
        "west":  { "uv": [ 5, 13, 6, 3.5 ], "rotation": 90, "texture": "#rail_golden" },
        "east":  { "uv": [ 13.5, 13, 14.5, 3.5 ], "rotation": 90, "texture": "#rail_golden" }
    }
},
{
    "from": [ 5, 0.5, 3 ],
    "to": [ 5.5, 1.5, 13.5 ],
    "faces": {
        "down":  { "uv": [ 11, 13.5, 10.5, 3 ], "texture": "#rail_golden" },
        "up":    { "uv": [ 5, 3, 5.5, 13.5 ], "texture": "#rail_golden" },
        "north": { "uv": [ 10, 6.5, 10.5, 7.5 ], "texture": "#rail_golden" },
        "south": { "uv": [ 1.5, 7, 2, 8 ], "texture": "#rail_golden" },
        "west":  { "uv": [ 13.5, 13, 14.5, 3.5 ], "rotation": 90, "texture": "#rail_golden" },
        "east":  { "uv": [ 5, 13, 6, 3.5 ], "rotation": 90, "texture": "#rail_golden" }
    }
},
{
    "from": [ 5.5, 0.5, 3.5 ],
    "to": [ 6, 1.25, 13 ],
    "faces": {
        "down":  { "uv": [ 11, 13.5, 10.5, 3 ], "texture": "#rail_golden" },
        "up":    { "uv": [ 5, 3, 5.5, 13.5 ], "texture": "#rail_golden" },
        "north": { "uv": [ 10, 7, 10.5, 8 ], "texture": "#rail_golden" },
        "south": { "uv": [ 5.5, 10, 6, 11 ], "texture": "#rail_golden" },
        "west":  { "uv": [ 13.5, 13, 14.5, 3.5 ], "rotation": 90, "texture": "#rail_golden" },
        "east":  { "uv": [ 10, 13, 11, 3.5 ], "rotation": 90, "texture": "#rail_golden" }
    }
},
{
    "from": [ 10, 0.5, 3.5 ],
    "to": [ 10.5, 1.25, 13 ],
    "faces": {
        "down":  { "uv": [ 11, 13.5, 10.5, 3 ], "texture": "#rail_golden" },
        "up":    { "uv": [ 5, 3, 5.5, 13.5 ], "texture": "#rail_golden" },
        "north": { "uv": [ 10, 7, 10.5, 8 ], "texture": "#rail_golden" },
        "south": { "uv": [ 5.5, 10, 6, 11 ], "texture": "#rail_golden" },
        "west":  { "uv": [ 13.5, 13, 14.5, 3.5 ], "rotation": 90, "texture": "#rail_golden" },
        "east":  { "uv": [ 10, 13, 11, 3.5 ], "rotation": 90, "texture": "#rail_golden" }
    }
},
{
    "from": [ 10.5, 0.5, 3 ],
    "to": [ 11, 1.5, 13.5 ],
    "faces": {
        "down":  { "uv": [ 14, 13.5, 13.5, 3 ], "texture": "#rail_golden" },
        "up":    { "uv": [ 2, 3, 2.5, 13.5 ], "texture": "#rail_golden" },
        "north": { "uv": [ 14, 12, 14.5, 13 ], "texture": "#rail_golden" },
        "south": { "uv": [ 1.5, 5.5, 2, 6.5 ], "texture": "#rail_golden" },
        "west":  { "uv": [ 5, 13, 6, 3.5 ], "rotation": 90, "texture": "#rail_golden" },
        "east":  { "uv": [ 13.5, 13, 14.5, 3.5 ], "rotation": 90, "texture": "#rail_golden" }
    }
},
{
    "from": [ 13.5, 0.5, 3 ],
    "to": [ 14, 1.5, 13.5 ],
    "faces": {
        "down":  { "uv": [ 14, 13.5, 13.5, 3 ], "texture": "#rail_golden" },
        "up":    { "uv": [ 2, 3, 2.5, 13.5 ], "texture": "#rail_golden" },
        "north": { "uv": [ 14, 12, 14.5, 13 ], "texture": "#rail_golden" },
        "south": { "uv": [ 1.5, 5.5, 2, 6.5 ], "texture": "#rail_golden" },
        "west":  { "uv": [ 5, 13, 6, 3.5 ], "rotation": 90, "texture": "#rail_golden" },
        "east":  { "uv": [ 13.5, 13, 14.5, 3.5 ], "rotation": 90, "texture": "#rail_golden" }
    }
},
{
    "from": [ 14, 0.5, 3.5 ],
    "to": [ 14.5, 1.25, 13 ],
    "faces": {
        "down":  { "uv": [ 11, 13.5, 10.5, 3 ], "texture": "#rail_golden" },
        "up":    { "uv": [ 5, 3, 5.5, 13.5 ], "texture": "#rail_golden" },
        "north": { "uv": [ 10, 7, 10.5, 8 ], "texture": "#rail_golden" },
        "south": { "uv": [ 5.5, 10, 6, 11 ], "texture": "#rail_golden" },
        "west":  { "uv": [ 13.5, 13, 14.5, 3.5 ], "rotation": 90, "texture": "#rail_golden" },
        "east":  { "uv": [ 10, 13, 11, 3.5 ], "rotation": 90, "texture": "#rail_golden" }
    }
},
{
    "from": [ 2.5, 0.5, 3 ],
    "to": [ 3, 1.125, 5 ],
    "faces": {
        "down":  { "uv": [ 3, 5, 2.5, 3 ], "texture": "#rail_golden" },
        "up":    { "uv": [ 2.5, 3, 3, 5 ], "texture": "#rail_golden" },
        "north": { "uv": [ 14, 12, 14.5, 13 ], "texture": "#rail_golden" },
        "south": { "uv": [ 1.5, 5.5, 2, 6.5 ], "texture": "#rail_golden" },
        "west":  { "uv": [ 5, 13, 6, 3.5 ], "rotation": 90, "texture": "#rail_golden" },
        "east":  { "uv": [ 13.5, 13, 14.5, 3.5 ], "rotation": 90, "texture": "#rail_golden" }
    }
},
{
    "from": [ 2.5, 0.5, 11.5 ],
    "to": [ 3, 1.125, 13.5 ],
    "faces": {
        "down":  { "uv": [ 3, 13.5, 2.5, 11.5 ], "texture": "#rail_golden" },
        "up":    { "uv": [ 2.5, 11.5, 3, 13.5 ], "texture": "#rail_golden" },
        "north": { "uv": [ 14, 12, 14.5, 13 ], "texture": "#rail_golden" },
        "south": { "uv": [ 1.5, 5.5, 2, 6.5 ], "texture": "#rail_golden" },
        "west":  { "uv": [ 5, 13, 6, 3.5 ], "rotation": 90, "texture": "#rail_golden" },
        "east":  { "uv": [ 13.5, 13, 14.5, 3.5 ], "rotation": 90, "texture": "#rail_golden" }
    }
},
{
    "from": [ 4.5, 0.5, 12 ],
    "to": [ 5, 1.125, 13.5 ],
    "faces": {
        "down":  { "uv": [ 5, 13.5, 4.5, 11.5 ], "texture": "#rail_golden" },
        "up":    { "uv": [ 4.5, 11.5, 5, 13.5 ], "texture": "#rail_golden" },
        "north": { "uv": [ 14, 12, 14.5, 13 ], "texture": "#rail_golden" },
        "south": { "uv": [ 1.5, 5.5, 2, 6.5 ], "texture": "#rail_golden" },
        "west":  { "uv": [ 5, 13, 6, 3.5 ], "rotation": 90, "texture": "#rail_golden" },
        "east":  { "uv": [ 13.5, 13, 14.5, 3.5 ], "rotation": 90, "texture": "#rail_golden" }
    }
},
{
    "from": [ 4.5, 0.5, 3 ],
    "to": [ 5, 1.125, 5 ],
    "faces": {
        "down":  { "uv": [ 5, 5, 4.5, 3 ], "texture": "#rail_golden" },
        "up":    { "uv": [ 4.5, 3, 5, 5 ], "texture": "#rail_golden" },
        "north": { "uv": [ 14, 12, 14.5, 13 ], "texture": "#rail_golden" },
        "south": { "uv": [ 1.5, 5.5, 2, 6.5 ], "texture": "#rail_golden" },
        "west":  { "uv": [ 5, 13, 6, 3.5 ], "rotation": 90, "texture": "#rail_golden" },
        "east":  { "uv": [ 13.5, 13, 14.5, 3.5 ], "rotation": 90, "texture": "#rail_golden" }
    }
},
{
    "from": [ 11, 0.5, 3 ],
    "to": [ 11.5, 1.125, 5 ],
    "faces": {
        "down":  { "uv": [ 11.5, 5, 11, 3 ], "texture": "#rail_golden" },
        "up":    { "uv": [ 11, 3, 11.5, 5 ], "texture": "#rail_golden" },
        "north": { "uv": [ 14, 12, 14.5, 13 ], "texture": "#rail_golden" },
        "south": { "uv": [ 1.5, 5.5, 2, 6.5 ], "texture": "#rail_golden" },
        "west":  { "uv": [ 5, 13, 6, 3.5 ], "rotation": 90, "texture": "#rail_golden" },
        "east":  { "uv": [ 13.5, 13, 14.5, 3.5 ], "rotation": 90, "texture": "#rail_golden" }
    }
},
{
    "from": [ 13, 0.5, 3 ],
    "to": [ 13.5, 1.125, 5 ],
    "faces": {
        "down":  { "uv": [ 13.5, 5, 13, 3 ], "texture": "#rail_golden" },
        "up":    { "uv": [ 13, 3, 13.5, 5 ], "texture": "#rail_golden" },
        "north": { "uv": [ 14, 12, 14.5, 13 ], "texture": "#rail_golden" },
        "south": { "uv": [ 1.5, 5.5, 2, 6.5 ], "texture": "#rail_golden" },
        "west":  { "uv": [ 5, 13, 6, 3.5 ], "rotation": 90, "texture": "#rail_golden" },
        "east":  { "uv": [ 13.5, 13, 14.5, 3.5 ], "rotation": 90, "texture": "#rail_golden" }
    }
},
{
    "from": [ 13, 0.5, 11.5 ],
    "to": [ 13.5, 1.125, 13.5 ],
    "faces": {
        "down":  { "uv": [ 13.5, 13.5, 13, 11.5 ], "texture": "#rail_golden" },
        "up":    { "uv": [ 13, 11.5, 13.5, 13.5 ], "texture": "#rail_golden" },
        "north": { "uv": [ 14, 12, 14.5, 13 ], "texture": "#rail_golden" },
        "south": { "uv": [ 1.5, 5.5, 2, 6.5 ], "texture": "#rail_golden" },
        "west":  { "uv": [ 5, 13, 6, 3.5 ], "rotation": 90, "texture": "#rail_golden" },
        "east":  { "uv": [ 13.5, 13, 14.5, 3.5 ], "rotation": 90, "texture": "#rail_golden" }
    }
},
{
    "from": [ 11, 0.5, 11.5 ],
    "to": [ 11.5, 1.125, 13.5 ],
    "faces": {
        "down":  { "uv": [ 11.5, 13.5, 11, 11.5 ], "texture": "#rail_golden" },
        "up":    { "uv": [ 11, 11.5, 11.5, 13.5 ], "texture": "#rail_golden" },
        "north": { "uv": [ 14, 12, 14.5, 13 ], "texture": "#rail_golden" },
        "south": { "uv": [ 1.5, 5.5, 2, 6.5 ], "texture": "#rail_golden" },
        "west":  { "uv": [ 5, 13, 6, 3.5 ], "rotation": 90, "texture": "#rail_golden" },
        "east":  { "uv": [ 13.5, 13, 14.5, 3.5 ], "rotation": 90, "texture": "#rail_golden" }
    }
}
]
}