{
"__comment": "Designed by Filmjolk",
"ambientocclusion": false,
"textures": {
    "particle": "block/rail_normal",
    "texture": "block/rail_normal",
    "rail_golden": "block/rail_golden",
    "rail_golden_powered": "block/rail_golden_powered"
},
"elements": [ 
{
    "from": [ 3, -0.25, -0.1875 ],
    "to": [ 4.5, 0.75, 22.8125 ],
    "rotation": { "origin": [ 3, 0.75, -0.1875 ], "axis": "x", "angle": -45 },
    "faces": {
        "down":  { "uv": [ 3, 16, 4.5, 0 ], "texture": "#texture" },
        "up":    { "uv": [ 3, 0, 4.5, 16 ], "texture": "#texture" },
        "north": { "uv": [ 11.5, 15, 12, 15.5 ], "texture": "#texture" },
        "south": { "uv": [ 4, 11.5, 4.5, 12 ], "texture": "#texture" },
        "west":  { "uv": [ 3, 14, 3.5, 13.5 ], "rotation": 90, "texture": "#texture" },
        "east":  { "uv": [ 4, 8.5, 4.5, 8 ], "texture": "#texture" }
    }
},
{
    "from": [ 11.5, -0.25, -0.1875 ],
    "to": [ 13, 0.75, 22.8125 ],
    "rotation": { "origin": [ 11.5, 0.75, -0.1875 ], "axis": "x", "angle": -45 },
    "faces": {
        "down":  { "uv": [ 11.5, 16, 13, 0 ], "texture": "#texture" },
        "up":    { "uv": [ 11.5, 0, 13, 16 ], "texture": "#texture" },
        "north": { "uv": [ 3, 15, 3.5, 15.5 ], "texture": "#texture" },
        "south": { "uv": [ 11.5, 15, 12, 15.5 ], "texture": "#texture" },
        "west":  { "uv": [ 3, 8, 3.5, 8.5 ], "rotation": 90, "texture": "#texture" },
        "east":  { "uv": [ 4, 8, 4.5, 8.5 ], "texture": "#texture" }
    }
},
{
    "from": [ 1.5, 11.75, 12.25 ],
    "to": [ 14.5, 12.25, 14.25 ],
    "rotation": { "origin": [ 1.5, 12.25, 12.25 ], "axis": "x", "angle": -45 },
    "faces": {
        "down":  { "uv": [ 1.5, 15, 14.5, 12.5 ], "texture": "#texture" },
        "up":    { "uv": [ 1.5, 12.5, 14.5, 15 ], "texture": "#texture" },
        "north": { "uv": [ 4.5, 14.5, 11.5, 15 ], "texture": "#texture" },
        "south": { "uv": [ 4.5, 14.5, 11.5, 15 ], "texture": "#texture" },
        "west":  { "uv": [ 7.5, 14.5, 9.5, 15 ], "texture": "#texture" },
        "east":  { "uv": [ 7, 14.5, 9, 15 ], "texture": "#texture" }
    }
},
{
    "from": [ 1.5, 6.75, 7.3125 ],
    "to": [ 14.5, 7.25, 9.3125 ],
    "rotation": { "origin": [ 1.5, 7.25, 7.3125 ], "axis": "x", "angle": -45 },
    "faces": {
        "down":  { "uv": [ 1.5, 9.5, 14.5, 7 ], "texture": "#texture" },
        "up":    { "uv": [ 1.5, 7, 14.5, 9.5 ], "texture": "#texture" },
        "north": { "uv": [ 4.5, 14.5, 11.5, 15 ], "texture": "#texture" },
        "south": { "uv": [ 4.5, 14.5, 11.5, 15 ], "texture": "#texture" },
        "west":  { "uv": [ 7, 14.5, 9, 15 ], "texture": "#texture" },
        "east":  { "uv": [ 7.5, 14.5, 9.5, 15 ], "texture": "#texture" }
    }
},
{
    "from": [ 1.5, 2.25, 2.8125 ],
    "to": [ 14.5, 2.75, 4.8125 ],
    "rotation": { "origin": [ 1.5, 2.75, 2.8125 ], "axis": "x", "angle": -45 },
    "faces": {
        "down":  { "uv": [ 1.5, 4, 14.5, 1.5 ], "texture": "#texture" },
        "up":    { "uv": [ 1.5, 1.5, 14.5, 4 ], "texture": "#texture" },
        "north": { "uv": [ 4.5, 14.5, 11.5, 15 ], "texture": "#texture" },
        "south": { "uv": [ 4.5, 14.5, 11.5, 15 ], "texture": "#texture" },
        "west":  { "uv": [ 7.5, 14.5, 9.5, 15 ], "texture": "#texture" },
        "east":  { "uv": [ 7.5, 14.5, 9.5, 15 ], "texture": "#texture" }
    }
},
{
    "from": [ 1, 2.5, 3.0625 ],
    "to": [ 15, 3, 4.3125 ],
    "rotation": { "origin": [ 1, 3, 3.0625 ], "axis": "x", "angle": -45 },
    "faces": {
        "down":  { "uv": [ 1, 3.5, 15, 2 ], "texture": "#texture" },
        "up":    { "uv": [ 1, 2, 15, 3.5 ], "texture": "#texture" },
        "north": { "uv": [ 4.5, 14.5, 11.5, 15 ], "texture": "#texture" },
        "south": { "uv": [ 4.5, 14.5, 11.5, 15 ], "texture": "#texture" },
        "west":  { "uv": [ 7.5, 14.5, 9.5, 15 ], "texture": "#texture" },
        "east":  { "uv": [ 7, 14.5, 9, 15 ], "texture": "#texture" }
    }
},
{
    "from": [ 1, 7, 7.5625 ],
    "to": [ 15, 7.5, 8.8125 ],
    "rotation": { "origin": [ 1, 7.5, 7.5625 ], "axis": "x", "angle": -45 },
    "faces": {
        "down":  { "uv": [ 1, 9, 15, 7.5 ], "texture": "#texture" },
        "up":    { "uv": [ 1, 7.5, 15, 9 ], "texture": "#texture" },
        "north": { "uv": [ 4.5, 14.5, 11.5, 15 ], "texture": "#texture" },
        "south": { "uv": [ 4.5, 14.5, 11.5, 15 ], "texture": "#texture" },
        "west":  { "uv": [ 7.5, 14.5, 9.5, 15 ], "texture": "#texture" },
        "east":  { "uv": [ 7, 14.5, 9, 15 ], "texture": "#texture" }
    }
},
{
    "from": [ 1, 12, 12.5 ],
    "to": [ 15, 12.5, 13.75 ],
    "rotation": { "origin": [ 1, 12.5, 12.5 ], "axis": "x", "angle": -45 },
    "faces": {
        "down":  { "uv": [ 1, 14.5, 15, 13 ], "texture": "#texture" },
        "up":    { "uv": [ 1, 13, 15, 14.5 ], "texture": "#texture" },
        "north": { "uv": [ 4.5, 14.5, 11.5, 15 ], "texture": "#texture" },
        "south": { "uv": [ 4.5, 14.5, 11.5, 15 ], "texture": "#texture" },
        "west":  { "uv": [ 7.5, 14.5, 9.5, 15 ], "texture": "#texture" },
        "east":  { "uv": [ 7, 14.5, 9, 15 ], "texture": "#texture" }
    }
},
{
    "from": [ 2.4375, 4.8125, 4.0625 ],
    "to": [ 2.9375, 5.5625, 13.5625 ],
    "rotation": { "origin": [ 2.4375, 5.5625, 4.0625 ], "axis": "x", "angle": -45 },
    "faces": {
        "down":  { "uv": [ 14.5, 13, 14, 3.5 ], "texture": "#rail_golden" },
        "up":    { "uv": [ 1.5, 3.5, 2, 13 ], "texture": "#rail_golden" },
        "north": { "uv": [ 14, 8.5, 14.5, 9.5 ], "texture": "#rail_golden" },
        "south": { "uv": [ 5.5, 8, 6, 9 ], "texture": "#rail_golden" },
        "west":  { "uv": [ 1.5, 3.5, 2.5, 13 ], "rotation": 90, "texture": "#rail_golden" },
        "east":  { "uv": [ 5, 3.5, 6, 13 ], "texture": "#rail_golden" }
    }
},
{
    "from": [ 2.9375, 4.125, 3.625 ],
    "to": [ 3.4375, 5.125, 14.125 ],
    "rotation": { "origin": [ 2.9375, 5.125, 3.625 ], "axis": "x", "angle": -45 },
    "faces": {
        "down":  { "uv": [ 14, 13.5, 13.5, 3 ], "texture": "#rail_golden" },
        "up":    { "uv": [ 2, 3, 2.5, 13.5 ], "texture": "#rail_golden" },
        "north": { "uv": [ 14, 12, 14.5, 13 ], "texture": "#rail_golden" },
        "south": { "uv": [ 1.5, 5.5, 2, 6.5 ], "texture": "#rail_golden" },
        "west":  { "uv": [ 5, 13, 6, 3.5 ], "rotation": 90, "texture": "#rail_golden" },
        "east":  { "uv": [ 13.5, 13, 14.5, 3.5 ], "texture": "#rail_golden" }
    }
},
{
    "from": [ 4.0625, 4.0625, 3.75 ],
    "to": [ 4.5625, 5.0625, 14.25 ],
    "rotation": { "origin": [ 4.0625, 5.0625, 3.75 ], "axis": "x", "angle": -45 },
    "faces": {
        "down":  { "uv": [ 11, 13.5, 10.5, 3 ], "texture": "#rail_golden" },
        "up":    { "uv": [ 5, 3, 5.5, 13.5 ], "texture": "#rail_golden" },
        "north": { "uv": [ 10, 6.5, 10.5, 7.5 ], "texture": "#rail_golden" },
        "south": { "uv": [ 1.5, 7, 2, 8 ], "texture": "#rail_golden" },
        "west":  { "uv": [ 13.5, 13, 14.5, 3.5 ], "rotation": 90, "texture": "#rail_golden" },
        "east":  { "uv": [ 5, 13, 6, 3.5 ], "texture": "#rail_golden" }
    }
},
{
    "from": [ 4.5625, 4.4375, 4.1875 ],
    "to": [ 5.0625, 5.1875, 13.6875 ],
    "rotation": { "origin": [ 4.5625, 5.1875, 4.1875 ], "axis": "x", "angle": -45 },
    "faces": {
        "down":  { "uv": [ 11, 13.5, 10.5, 3 ], "texture": "#rail_golden" },
        "up":    { "uv": [ 10, 13.0625, 10.5625, 3.5625 ], "texture": "#rail_golden" },
        "north": { "uv": [ 10, 7, 10.5, 8 ], "texture": "#rail_golden" },
        "south": { "uv": [ 5.5, 10, 6, 11 ], "texture": "#rail_golden" },
        "west":  { "uv": [ 13.5, 13, 14.5, 3.5 ], "rotation": 180, "texture": "#rail_golden" },
        "east":  { "uv": [ 10, 13, 11, 3.5 ], "rotation": 90, "texture": "#rail_golden" }
    }
},
{
    "from": [ 10.9375, 4.5625, 4.125 ],
    "to": [ 11.4375, 5.3125, 13.625 ],
    "rotation": { "origin": [ 10.9375, 5.3125, 4.125 ], "axis": "x", "angle": -45 },
    "faces": {
        "down":  { "uv": [ 11, 13.5, 10.5, 3 ], "texture": "#rail_golden" },
        "up":    { "uv": [ 5, 3, 5.5, 13.5 ], "texture": "#rail_golden" },
        "north": { "uv": [ 10, 7, 10.5, 8 ], "texture": "#rail_golden" },
        "south": { "uv": [ 5.5, 10, 6, 11 ], "texture": "#rail_golden" },
        "west":  { "uv": [ 13.5, 13, 14.5, 3.5 ], "rotation": 90, "texture": "#rail_golden" },
        "east":  { "uv": [ 10, 13, 11, 3.5 ], "texture": "#rail_golden" }
    }
},
{
    "from": [ 11.4375, 4.125, 3.625 ],
    "to": [ 11.9375, 5.125, 14.125 ],
    "rotation": { "origin": [ 11.4375, 5.125, 3.625 ], "axis": "x", "angle": -45 },
    "faces": {
        "down":  { "uv": [ 14, 13.5, 13.5, 3 ], "texture": "#rail_golden" },
        "up":    { "uv": [ 2, 3, 2.5, 13.5 ], "texture": "#rail_golden" },
        "north": { "uv": [ 14, 12, 14.5, 13 ], "texture": "#rail_golden" },
        "south": { "uv": [ 1.5, 5.5, 2, 6.5 ], "texture": "#rail_golden" },
        "west":  { "uv": [ 5, 13, 6, 3.5 ], "rotation": 90, "texture": "#rail_golden" },
        "east":  { "uv": [ 13.5, 13, 14.5, 3.5 ], "texture": "#rail_golden" }
    }
},
{
    "from": [ 12.5625, 4.125, 3.5 ],
    "to": [ 13.0625, 5.125, 14 ],
    "rotation": { "origin": [ 12.5625, 5.125, 3.5 ], "axis": "x", "angle": -45 },
    "faces": {
        "down":  { "uv": [ 14, 13.5, 13.5, 3 ], "texture": "#rail_golden" },
        "up":    { "uv": [ 2, 3, 2.5, 13.5 ], "texture": "#rail_golden" },
        "north": { "uv": [ 14, 12, 14.5, 13 ], "texture": "#rail_golden" },
        "south": { "uv": [ 1.5, 5.5, 2, 6.5 ], "texture": "#rail_golden" },
        "west":  { "uv": [ 5, 13, 6, 3.5 ], "rotation": 90, "texture": "#rail_golden" },
        "east":  { "uv": [ 13.5, 13, 14.5, 3.5 ], "texture": "#rail_golden" }
    }
},
{
    "from": [ 13.0625, 4.5625, 4 ],
    "to": [ 13.5625, 5.3125, 13.5 ],
    "rotation": { "origin": [ 13.0625, 5.3125, 4 ], "axis": "x", "angle": -45 },
    "faces": {
        "down":  { "uv": [ 11, 13.5, 10.5, 3 ], "texture": "#rail_golden" },
        "up":    { "uv": [ 5, 3, 5.5, 13.5 ], "texture": "#rail_golden" },
        "north": { "uv": [ 10, 7, 10.5, 8 ], "texture": "#rail_golden" },
        "south": { "uv": [ 5.5, 10, 6, 11 ], "texture": "#rail_golden" },
        "west":  { "uv": [ 13.5, 13, 14.5, 3.5 ], "rotation": 90, "texture": "#rail_golden" },
        "east":  { "uv": [ 10, 13, 11, 3.5 ], "texture": "#rail_golden" }
    }
},
{
    "from": [ 12, 4.1875, 3.875 ],
    "to": [ 12.5, 4.875, 14.4375 ],
    "rotation": { "origin": [ 12, 4.875, 3.875 ], "axis": "x", "angle": -45 },
    "faces": {
        "down":  { "uv": [ 14, 13.5, 13.5, 3 ], "texture": "#rail_golden" },
        "up":    { "uv": [ 3.5, 3, 4, 13.5 ], "texture": "#rail_golden_powered" },
        "north": { "uv": [ 12.0625, 3.0625, 12.5, 3.5 ], "texture": "#rail_golden_powered" },
        "south": { "uv": [ 12.0625, 13.125, 12.5, 13.5625 ], "texture": "#rail_golden_powered" },
        "west":  { "uv": [ 5, 13, 6, 3.5 ], "rotation": 90, "texture": "#rail_golden_powered" },
        "east":  { "uv": [ 13.5, 13, 14.5, 3.5 ], "texture": "#rail_golden_powered" }
    }
},
{
    "from": [ 3.5, 4.1875, 3.875 ],
    "to": [ 4, 4.875, 14.4375 ],
    "rotation": { "origin": [ 3.5, 4.875, 3.875 ], "axis": "x", "angle": -45 },
    "faces": {
        "down":  { "uv": [ 14, 13.5, 13.5, 3 ], "texture": "#rail_golden" },
        "up":    { "uv": [ 3.5, 3, 4, 13.5 ], "texture": "#rail_golden_powered" },
        "north": { "uv": [ 12.0625, 3.0625, 12.5, 3.5 ], "texture": "#rail_golden_powered" },
        "south": { "uv": [ 12.0625, 13.125, 12.5, 13.5625 ], "texture": "#rail_golden_powered" },
        "west":  { "uv": [ 5, 13, 6, 3.5 ], "rotation": 90, "texture": "#rail_golden_powered" },
        "east":  { "uv": [ 13.5, 13, 14.5, 3.5 ], "texture": "#rail_golden_powered" }
    }
}
]
}