{
	"__comment": "Designed by Filmjolk",
	"textures": {
		"particle": "block/iron_bar",
		"texture": "block/iron_bar"
	},
	"elements": [ 	 
		{
			"__comment": "Box1",
			"from": [ 7.5312, -1.375, 7.5312 ],
			"to": [ 8.4687, 15.71875, 8.4687 ],
			"faces": {
				"down": { "uv": [ 7.5312, 7.5313, 8.4687, 8.4688 ], "texture": "#texture" },
				"up": { "uv": [ 7.5312, 7.5312, 8.4687, 8.4687 ], "texture": "#texture" },
				"north": { "uv": [ 7.5313, 0.28125, 8.4688, 16 ], "texture": "#texture" },
				"south": { "uv": [ 7.5312, 0.28125, 8.4687, 16 ], "texture": "#texture" },
				"west": { "uv": [ 7.5312, 0.28125, 8.4687, 16 ], "texture": "#texture" },
				"east": { "uv": [ 7.5313, 0.28125, 8.4688, 16 ], "texture": "#texture" }
			}
		},
		{
			"__comment": "Box2",
			"from": [ 7.25, 15.7188, 7.25 ],
			"to": [ 8.75, 16.00005, 8.75 ],
			"faces": {
				"down": { "uv": [ 7.25, 7.25, 8.75, 8.75 ], "texture": "#texture" },
				"up": { "uv": [ 7.25, 7.25, 8.75, 8.75 ], "texture": "#texture" },
				"north": { "uv": [ 7.25, 0, 8.75, 0.28125 ], "texture": "#texture" },
				"south": { "uv": [ 7.25, 0, 8.75, 0.28125 ], "texture": "#texture" },
				"west": { "uv": [ 7.25, 0, 8.75, 0.28125 ], "texture": "#texture" },
				"east": { "uv": [ 7.25, 0, 8.75, 0.28125 ], "texture": "#texture" }
			}
		}
	]
}