{
	"__comment": "Designed by Filmjolk",
	"textures": {
		"particle": "block/planks_birch",
		"wood": "block/itemframe_frame",
		"back": "block/itemframe_canvas"
	},
	"elements": [ 	 
		{
			"__comment": "Element",
			"from": [ 1.7812, 4, 15.875 ],
			"to": [ 14.2812, 12, 15.876 ],
			"faces": {
				"north": { "uv": [ 1.71875, 4, 14.21875, 12 ], "texture": "#back" },
				"south": { "uv": [ 1.78125, 4, 14.28125, 12 ], "texture": "#back" }
			}
		},
		{
			"__comment": "Element",
			"from": [ 14.1562, 4.625, 15 ],
			"to": [ 15.1562, 11.125, 16 ],
			"faces": {
				"down": { "uv": [ 0, 2, 1, 3 ], "texture": "#wood", "rotation": 90 },
				"up": { "uv": [ 16, 3, 15, 2 ], "texture": "#wood", "rotation": 270 },
				"north": { "uv": [ 2, 2, 14, 3 ], "texture": "#wood", "rotation": 270 },
				"south": { "uv": [ 2, 2, 14, 3 ], "texture": "#wood", "rotation": 90 },
				"west": { "uv": [ 2, 0, 14, 1 ], "texture": "#wood", "rotation": 90 },
				"east": { "uv": [ 14, 16, 2, 15 ], "texture": "#wood", "rotation": 270 }
			}
		},
		{
			"__comment": "Element",
			"from": [ 10.5625, 1.5312, 15 ],
			"to": [ 11.5625, 7.0312, 16 ],
			"rotation": { "origin": [ 10.5625, 1.53125, 15 ], "axis": "z", "angle": -45 },
			"faces": {
				"north": { "uv": [ 2, 3, 3, 13 ], "texture": "#wood" },
				"south": { "uv": [ 13, 3, 14, 13 ], "texture": "#wood" },
				"west": { "uv": [ 15, 3, 16, 13 ], "texture": "#wood" },
				"east": { "uv": [ 0, 3, 1, 13 ], "texture": "#wood" }
			}
		},
		{
			"__comment": "Element",
			"from": [ 4.75, 0.8125, 15 ],
			"to": [ 5.75, 6.3125, 16 ],
			"rotation": { "origin": [ 4.75, 0.8125, 15 ], "axis": "z", "angle": 45 },
			"faces": {
				"north": { "uv": [ 2, 3, 3, 13 ], "texture": "#wood" },
				"south": { "uv": [ 13, 3, 14, 13 ], "texture": "#wood" },
				"west": { "uv": [ 15, 3, 16, 13 ], "texture": "#wood" },
				"east": { "uv": [ 0, 3, 1, 13 ], "texture": "#wood" }
			}
		},
		{
			"__comment": "Element",
			"from": [ 4.75, 14, 15 ],
			"to": [ 11.25, 15, 16 ],
			"faces": {
				"down": { "uv": [ 2, 0, 14, 1 ], "texture": "#wood" },
				"up": { "uv": [ 2, 15, 14, 16 ], "texture": "#wood" },
				"north": { "uv": [ 2, 2, 14, 3 ], "texture": "#wood" },
				"south": { "uv": [ 2, 2, 14, 3 ], "texture": "#wood" },
				"west": { "uv": [ 15, 2, 16, 3 ], "texture": "#wood" },
				"east": { "uv": [ 0, 2, 1, 3 ], "texture": "#wood" }
			}
		},
		{
			"__comment": "Element",
			"from": [ 14.4375, 10.4062, 15 ],
			"to": [ 15.4375, 15.9062, 16 ],
			"rotation": { "origin": [ 14.4375, 10.40625, 15 ], "axis": "z", "angle": 45 },
			"faces": {
				"north": { "uv": [ 2, 3, 3, 13 ], "texture": "#wood" },
				"south": { "uv": [ 13, 3, 14, 13 ], "texture": "#wood" },
				"west": { "uv": [ 15, 3, 16, 13 ], "texture": "#wood" },
				"east": { "uv": [ 0, 3, 1, 13 ], "texture": "#wood" }
			}
		},
		{
			"__comment": "Element",
			"from": [ 0.875, 11.125, 15 ],
			"to": [ 1.875, 16.625, 16 ],
			"rotation": { "origin": [ 0.875, 11.125, 15 ], "axis": "z", "angle": -45 },
			"faces": {
				"north": { "uv": [ 2, 3, 3, 13 ], "texture": "#wood" },
				"south": { "uv": [ 13, 3, 14, 13 ], "texture": "#wood" },
				"west": { "uv": [ 15, 3, 16, 13 ], "texture": "#wood" },
				"east": { "uv": [ 0, 3, 1, 13 ], "texture": "#wood" }
			}
		},
		{
			"__comment": "Element",
			"from": [ 4.75, 0.8125, 15 ],
			"to": [ 11.25, 1.8125, 16 ],
			"faces": {
				"down": { "uv": [ 2, 0, 14, 1 ], "texture": "#wood" },
				"up": { "uv": [ 2, 15, 14, 16 ], "texture": "#wood" },
				"north": { "uv": [ 2, 2, 14, 3 ], "texture": "#wood" },
				"south": { "uv": [ 2, 2, 14, 3 ], "texture": "#wood" },
				"west": { "uv": [ 15, 2, 16, 3 ], "texture": "#wood" },
				"east": { "uv": [ 0, 2, 1, 3 ], "texture": "#wood" }
			}
		},
		{
			"__comment": "Element",
			"from": [ 0.875, 4.625, 15 ],
			"to": [ 1.875, 11.125, 16 ],
			"faces": {
				"down": { "uv": [ 0, 2, 1, 3 ], "texture": "#wood", "rotation": 90 },
				"up": { "uv": [ 16, 3, 15, 2 ], "texture": "#wood", "rotation": 270 },
				"north": { "uv": [ 2, 2, 14, 3 ], "texture": "#wood", "rotation": 270 },
				"south": { "uv": [ 2, 2, 14, 3 ], "texture": "#wood", "rotation": 90 },
				"west": { "uv": [ 2, 0, 14, 1 ], "texture": "#wood", "rotation": 90 },
				"east": { "uv": [ 14, 16, 2, 15 ], "texture": "#wood", "rotation": 270 }
			}
		},
		{
			"__comment": "Element",
			"from": [ 3, 3, 15.875 ],
			"to": [ 13, 13, 15.876 ],
			"faces": {
				"north": { "uv": [ 3, 3, 13, 13 ], "texture": "#back" },
				"south": { "uv": [ 3, 3, 13, 13 ], "texture": "#back" }
			}
		},
		{
			"__comment": "Element",
			"from": [ 4, 1.75, 15.875 ],
			"to": [ 12, 14.25, 15.876 ],
			"faces": {
				"north": { "uv": [ 4, 1.75, 12, 14.25 ], "texture": "#back" },
				"south": { "uv": [ 4, 1.75, 12, 14.25 ], "texture": "#back" }
			}
		}
	]
}