{
	"__comment": "Designed by Filmjolk",
	"parent": "block/block",
	"textures": {
		"particle": "block/jungle_fence",
		"texture": "block/jungle_fence"
	},
	"elements": [ 	 
		{
			"__comment": "Box2",
			"from": [ 3.5, 5, 7 ],
			"to": [ 12.5, 6, 8.5 ],
			"faces": {
				"down": { "uv": [ 1.5, 4, 2, 6.5 ], "texture": "#texture", "rotation": 180 },
				"up": { "uv": [ 2, 7, 4.5, 8 ], "texture": "#texture", "rotation": 270 },
				"north": { "uv": [ 6, 4, 7.5, 4.5 ], "texture": "#texture", "rotation": 270 },
				"south": { "uv": [ 6, 4, 7.5, 4.5 ], "texture": "#texture", "rotation": 270 },
				"west": { "uv": [ 9, 12, 6.5, 13 ], "texture": "#texture" },
				"east": { "uv": [ 6.5, 13, 9, 14 ], "texture": "#texture" }
			}
		},
		{
			"__comment": "Box2",
			"from": [ 3.5, 9.5, 7.5 ],
			"to": [ 12.5, 10, 8.5 ],
			"faces": {
				"down": { "uv": [ 10, 8, 11, 9.5 ], "texture": "#texture" },
				"up": { "uv": [ 12, 8, 12.5, 9.5 ], "texture": "#texture" },
				"north": { "uv": [ 9.5, 10, 11, 10.5 ], "texture": "#texture" },
				"south": { "uv": [ 8.5, 10, 9, 10.5 ], "texture": "#texture" },
				"west": { "uv": [ 10, 11, 10.5, 11.5 ], "texture": "#texture" },
				"east": { "uv": [ 10, 11, 10.5, 11.5 ], "texture": "#texture" }
			}
		},
		{
			"__comment": "Box2",
			"from": [ 3.5, 11.5, 7 ],
			"to": [ 12.5, 13.5, 9 ],
			"faces": {
				"down": { "uv": [ 7, 7, 8.5, 8.5 ], "texture": "#texture", "rotation": 270 },
				"up": { "uv": [ 3, 6.5, 8, 8 ], "texture": "#texture", "rotation": 270 },
				"north": { "uv": [ 9.5, 9, 10, 12 ], "texture": "#texture" },
				"south": { "uv": [ 9.5, 9, 10, 12 ], "texture": "#texture" },
				"west": { "uv": [ 9.5, 9, 10, 12 ], "texture": "#texture" },
				"east": { "uv": [ 9.5, 9, 10, 12 ], "texture": "#texture" }
			}
		},
		{
			"__comment": "Box2",
			"from": [ 7.5, 6, 8 ],
			"to": [ 8.5, 9.5, 8.5 ],
			"faces": {
				"down": { "uv": [ 0, 7.25, 16, 8.75 ], "texture": "#texture", "rotation": 270 },
				"up": { "uv": [ 0, 7.25, 16, 8.75 ], "texture": "#texture", "rotation": 90 },
				"north": { "uv": [ 8, 13.5, 8.5, 14.5 ], "texture": "#texture" },
				"south": { "uv": [ 7, 13.5, 7.5, 14.5 ], "texture": "#texture" },
				"west": { "uv": [ 8, 9, 8.5, 10 ], "texture": "#texture", "rotation": 90 },
				"east": { "uv": [ 8, 9, 8.5, 10 ], "texture": "#texture", "rotation": 270 }
			}
		},
		{
			"__comment": "Box7",
			"from": [ 12.5, 3, 7 ],
			"to": [ 15, 16, 9.5 ],
			"faces": {
				"down": { "uv": [ 9.5, 0, 13.5, 4 ], "texture": "#texture" },
				"up": { "uv": [ 9.5, 0, 13.5, 4 ], "texture": "#texture" },
				"north": { "uv": [ 3, 3.499999, 8, 16 ], "texture": "#texture" },
				"south": { "uv": [ 3, 3.5, 8, 16 ], "texture": "#texture" },
				"west": { "uv": [ 3, 3.5, 8, 16 ], "texture": "#texture" },
				"east": { "uv": [ 3, 3.5, 8, 16 ], "texture": "#texture" }
			}
		},
		{
			"__comment": "Box7",
			"from": [ 1, 3, 7 ],
			"to": [ 3.5, 16, 9.5 ],
			"faces": {
				"down": { "uv": [ 9.5, 0, 13.5, 4 ], "texture": "#texture" },
				"up": { "uv": [ 9.5, 0, 13.5, 4 ], "texture": "#texture" },
				"north": { "uv": [ 3, 3.499999, 8, 16 ], "texture": "#texture" },
				"south": { "uv": [ 3, 3.5, 8, 16 ], "texture": "#texture" },
				"west": { "uv": [ 3, 3.5, 8, 16 ], "texture": "#texture" },
				"east": { "uv": [ 3, 3.5, 8, 16 ], "texture": "#texture" }
			}
		}
	],
	"display": {
		"gui": {
			"rotation":  [ 30, 45, 0 ],
            "translation": [ 0, -0.5, 0 ],
			"scale":  [ 0.95, 0.75, 0.75 ]
		},
		"fixed": {
			"rotation":  [ 0, 0, 0 ],
            "translation": [ 0, -0.5, 0 ],
			"scale":  [ 0.6, 0.6, 0.6 ]
		},
        "thirdperson_righthand": {
            "rotation": [ 75, 45, 0 ],
            "translation": [ 0, 2.5, 0],
            "scale": [ 0.375, 0.375, 0.375 ]
        },
        "firstperson_righthand": {
            "rotation": [ 0, 135, 0 ],
            "translation": [ 0, 0, 0 ],
            "scale": [ 0.50, 0.40, 0.50 ]
        },
        "firstperson_lefthand": {
            "rotation": [ 0, 135, 0 ],
            "translation": [ 0, 0, 0 ],
            "scale": [ 0.50, 0.50, 0.50 ]
        }
    }
}