{
	"__comment": "Designed by Filmjolk",
	"textures": {
		"particle": "block/jungle_door_bottom",
		"texture": "block/jungle_door_bottom",
		"texture1": "block/acacia_door_bottom"
	},
	"elements": [ 	 
		{
			"__comment": "Cube1",
			"from": [ 0, 0, 0 ],
			"to": [ 3, 16, 16 ],
			"faces": {
				"down": { "uv": [ 0, 0, 3, 16 ], "texture": "#texture", "rotation": 180 },
				"north": { "uv": [ 0, 0, 3, 16 ], "texture": "#texture" },
				"south": { "uv": [ 0, 0, 3, 16 ], "texture": "#texture" },
				"west": { "uv": [ 16, 0, 0, 16 ], "texture": "#texture" },
				"east": { "uv": [ 0, 0, 16, 16 ], "texture": "#texture" }
			}
		},
		{
			"__comment": "Cube2",
			"from": [ -1.25, 14, 1 ],
			"to": [ -0.75, 15.5, 2.5 ],
			"faces": {
				"down": { "uv": [ 8.5, 5, 9, 6.5 ], "texture": "#texture1", "rotation": 180 },
				"up": { "uv": [ 8.5, 5, 9, 6.5 ], "texture": "#texture1", "rotation": 180 },
				"north": { "uv": [ 8.5, 4.5, 9, 6 ], "texture": "#texture1" },
				"south": { "uv": [ 8.5, 4.5, 9, 6 ], "texture": "#texture1" },
				"west": { "uv": [ 7.5, 4.5, 9, 6 ], "texture": "#texture1" },
				"east": { "uv": [ 7.5, 4.5, 9, 6 ], "texture": "#texture1" }
			}
		},
		{
			"__comment": "Cube2",
			"from": [ -0.75, 14.25, 1.25 ],
			"to": [ 3.75, 15.25, 2.25 ],
			"faces": {
				"down": { "uv": [ 8.5, 4.5, 9, 6 ], "texture": "#texture1", "rotation": 180 },
				"up": { "uv": [ 8.5, 5, 9, 6.5 ], "texture": "#texture1", "rotation": 180 },
				"north": { "uv": [ 8.5, 4.5, 9, 6 ], "texture": "#texture1" },
				"south": { "uv": [ 8.5, 4.5, 9, 6 ], "texture": "#texture1" }
			}
		},
		{
			"__comment": "Cube2",
			"from": [ 3.75, 14, 1 ],
			"to": [ 4.25, 15.5, 2.5 ],
			"faces": {
				"down": { "uv": [ 8.5, 4.5, 9, 6 ], "texture": "#texture1", "rotation": 180 },
				"up": { "uv": [ 8.5, 4.5, 9, 6 ], "texture": "#texture1", "rotation": 180 },
				"north": { "uv": [ 8.5, 4.5, 9, 6 ], "texture": "#texture1" },
				"south": { "uv": [ 8.5, 5, 9, 6.5 ], "texture": "#texture1" },
				"west": { "uv": [ 7.5, 4.5, 9, 6 ], "texture": "#texture1" },
				"east": { "uv": [ 7.5, 4.5, 9, 6 ], "texture": "#texture1" }
			}
		}
	]
}