{
    "ambientocclusion": false,
	"__comment": "Designed by Filmjolk",
	"textures": {
		"particle": "block/jungle_trapdoor",
		"texture": "block/jungle_trapdoor"
	},
	"elements": [ 	 
		{
			"__comment": "Element",
			"from": [ 5, 0, 13 ],
			"to": [ 10, 16, 15 ],
			"faces": {
				"down": { "uv": [ 11, 13, 6, 15 ], "texture": "#texture" },
				"up": { "uv": [ 11, 13, 6, 15 ], "texture": "#texture" },
				"north": { "uv": [ 6, 0, 11, 16 ], "texture": "#texture" },
				"south": { "uv": [ 11, 0, 6, 16 ], "texture": "#texture" },
				"west": { "uv": [ 15.5, 0, 16, 16 ], "texture": "#texture" },
				"east": { "uv": [ 15.5, 0, 16, 16 ], "texture": "#texture" }
			}
		},
		{
			"__comment": "Element",
			"from": [ 0, 0, 13 ],
			"to": [ 4.5, 16, 15 ],
			"faces": {
				"down": { "uv": [ 16, 14, 11.5, 16 ], "texture": "#texture" },
				"up": { "uv": [ 16, 14, 11.5, 16 ], "texture": "#texture" },
				"north": { "uv": [ 11.5, 0, 16, 16 ], "texture": "#texture" },
				"south": { "uv": [ 16, 0, 11.5, 16 ], "texture": "#texture" },
				"west": { "uv": [ 14.5, 0, 15, 16 ], "texture": "#texture" },
				"east": { "uv": [ 15.5, 0, 16, 16 ], "texture": "#texture" }
			}
		},
		{
			"__comment": "Element",
			"from": [ 10.5, 0, 13 ],
			"to": [ 15.5, 16, 15 ],
			"faces": {
				"down": { "uv": [ 5.5, 12, 0.5, 14 ], "texture": "#texture" },
				"up": { "uv": [ 5.5, 12, 0.5, 14 ], "texture": "#texture" },
				"north": { "uv": [ 0.5, 0, 5.5, 16 ], "texture": "#texture" },
				"south": { "uv": [ 5.5, 0, 0.5, 16 ], "texture": "#texture" },
				"west": { "uv": [ 15.5, 0, 16, 16 ], "texture": "#texture" },
				"east": { "uv": [ 4, 0, 4.5, 16 ], "texture": "#texture" }
			}
		},
		{
			"__comment": "Element",
			"from": [ 0, 6, 12 ],
			"to": [ 16, 10.5, 16 ],
			"faces": {
				"down": { "uv": [ 5, 10, 5.5, 10.5 ], "texture": "#texture" },
				"up": { "uv": [ 0, 5.5, 16, 9.5 ], "texture": "#texture" },
				"north": { "uv": [ 0, 5.5, 16, 10 ], "texture": "#texture" },
				"south": { "uv": [ 16, 5.5, 0, 10 ], "texture": "#texture" },
				"west": { "uv": [ 12, 5.5, 12.5, 10 ], "texture": "#texture" },
				"east": { "uv": [ 0, 5.5, 0.5, 10 ], "texture": "#texture" }
			}
		}
	]
}