{
	"__comment": "Designed by Filmjolk",
	"parent": "block/block",
	"textures": {
		"particle": "block/jungle_fence",
		"texture": "block/jungle_fence",
		"texture1": "block/jungle_fence_open",
		"texture2": "block/jungle_fence_open2"
	},
	"elements": [ 	 
		{
			"__comment": "Box2",
			"from": [ 12, 1.5, 7.25 ],
			"to": [ 16, 2.5, 8.75 ],
			"faces": {
				"down": { "uv": [ 1.5, 4, 2, 6.5 ], "texture": "#texture1", "rotation": 180 },
				"up": { "uv": [ 4.5, 4, 2, 10.5 ], "texture": "#texture2", "rotation": 270 },
				"north": { "uv": [ 6, 4, 7.5, 4.5 ], "texture": "#texture", "rotation": 270 },
				"south": { "uv": [ 6, 4, 7.5, 4.5 ], "texture": "#texture", "rotation": 270 },
				"west": { "uv": [ 7.5, 2, 7, 3.5 ], "texture": "#texture" },
				"east": { "uv": [ 6.5, 13, 9, 14 ], "texture": "#texture" }
			}
		},
		{
			"__comment": "Box2",
			"from": [ 0, 8.5, 7.5 ],
			"to": [ 3.75, 9, 8.5 ],
			"faces": {
				"down": { "uv": [ 7, 10.5, 8.5, 12 ], "texture": "#texture1", "rotation": 270 },
				"up": { "uv": [ 9, 8, 14.5, 9.5 ], "texture": "#texture1" },
				"north": { "uv": [ 9.5, 10, 11, 10.5 ], "texture": "#texture" },
				"south": { "uv": [ 8.5, 10, 9, 10.5 ], "texture": "#texture" },
				"west": { "uv": [ 10, 11, 10.5, 11.5 ], "texture": "#texture" },
				"east": { "uv": [ 10, 11, 10.5, 11.5 ], "texture": "#texture" }
			}
		},
		{
			"__comment": "Box2",
			"from": [ 12.75, 2.5, 7.75 ],
			"to": [ 13.75, 8.5, 8.25 ],
			"faces": {
				"down": { "uv": [ 0, 7.25, 16, 8.75 ], "texture": "#texture" },
				"up": { "uv": [ 0, 7.25, 16, 8.75 ], "texture": "#texture" },
				"north": { "uv": [ 8, 9, 8.5, 10 ], "texture": "#texture", "rotation": 270 },
				"south": { "uv": [ 8, 9, 8.5, 10 ], "texture": "#texture", "rotation": 90 },
				"west": { "uv": [ 8, 13.5, 8.5, 14.5 ], "texture": "#texture" },
				"east": { "uv": [ 7, 13.5, 7.5, 14.5 ], "texture": "#texture" }
			}
		},
		{
			"__comment": "Box2",
			"from": [ 0, 11.5, 7 ],
			"to": [ 4.25, 13.5, 9 ],
			"faces": {
				"down": { "uv": [ 7, 7.5, 8.5, 8.5 ], "texture": "#texture1", "rotation": 270 },
				"up": { "uv": [ 3, 13.5, 8, 3 ], "texture": "#texture1", "rotation": 270 },
				"north": { "uv": [ 9.5, 9, 10, 12 ], "texture": "#texture" },
				"south": { "uv": [ 9.5, 9, 10, 12 ], "texture": "#texture" },
				"west": { "uv": [ 9.5, 9, 10, 12 ], "texture": "#texture" },
				"east": { "uv": [ 9.5, 9, 10, 12 ], "texture": "#texture" }
			}
		},
		{
			"__comment": "Box2",
			"from": [ 3, 2.5, 2 ],
			"to": [ 3.5, 8.5, 2.5 ],
			"faces": {
				"down": { "uv": [ 0, 7.25, 16, 8.75 ], "texture": "#texture", "rotation": 270 },
				"up": { "uv": [ 0, 7.25, 16, 8.75 ], "texture": "#texture", "rotation": 90 },
				"north": { "uv": [ 8, 13.5, 8.5, 14.5 ], "texture": "#texture" },
				"south": { "uv": [ 7, 13.5, 7.5, 14.5 ], "texture": "#texture" },
				"west": { "uv": [ 8, 9, 8.5, 10 ], "texture": "#texture", "rotation": 90 },
				"east": { "uv": [ 8, 9, 8.5, 10 ], "texture": "#texture", "rotation": 270 }
			}
		},
		{
			"__comment": "Box2",
			"from": [ 2.25, 2.5, 7.75 ],
			"to": [ 3.25, 8.5, 8.25 ],
			"faces": {
				"down": { "uv": [ 0, 7.25, 16, 8.75 ], "texture": "#texture", "rotation": 270 },
				"up": { "uv": [ 0, 7.25, 16, 8.75 ], "texture": "#texture", "rotation": 90 },
				"north": { "uv": [ 8, 13.5, 8.5, 14.5 ], "texture": "#texture" },
				"south": { "uv": [ 7, 13.5, 7.5, 14.5 ], "texture": "#texture" },
				"west": { "uv": [ 8, 9, 8.5, 10 ], "texture": "#texture", "rotation": 90 },
				"east": { "uv": [ 8, 9, 8.5, 10 ], "texture": "#texture", "rotation": 270 }
			}
		},
		{
			"__comment": "Box2",
			"from": [ 12.25, 8.5, 7.5 ],
			"to": [ 16, 9, 8.5 ],
			"faces": {
				"down": { "uv": [ 10, 8, 11, 9.5 ], "texture": "#texture1" },
				"up": { "uv": [ 14.5, 8, 9, 9.5 ], "texture": "#texture1" },
				"north": { "uv": [ 9.5, 10, 11, 10.5 ], "texture": "#texture" },
				"south": { "uv": [ 8.5, 10, 9, 10.5 ], "texture": "#texture" },
				"west": { "uv": [ 10, 11, 10.5, 11.5 ], "texture": "#texture" },
				"east": { "uv": [ 10, 11, 10.5, 11.5 ], "texture": "#texture" }
			}
		},
		{
			"__comment": "Box2",
			"from": [ 12.5, 2.5, 2 ],
			"to": [ 13, 8.5, 2.5 ],
			"faces": {
				"down": { "uv": [ 0, 7.25, 16, 8.75 ], "texture": "#texture", "rotation": 270 },
				"up": { "uv": [ 0, 7.25, 16, 8.75 ], "texture": "#texture", "rotation": 90 },
				"north": { "uv": [ 8, 13.5, 8.5, 14.5 ], "texture": "#texture" },
				"south": { "uv": [ 7, 13.5, 7.5, 14.5 ], "texture": "#texture" },
				"west": { "uv": [ 8, 9, 8.5, 10 ], "texture": "#texture", "rotation": 90 },
				"east": { "uv": [ 8, 9, 8.5, 10 ], "texture": "#texture", "rotation": 270 }
			}
		},
		{
			"__comment": "Box2",
			"from": [ 11.75, 11.5, 7 ],
			"to": [ 16, 13.5, 9 ],
			"faces": {
				"down": { "uv": [ 8.5, 8, 7, 11 ], "texture": "#texture1", "rotation": 270 },
				"up": { "uv": [ 3, 3, 8, 13.5 ], "texture": "#texture1", "rotation": 270 },
				"north": { "uv": [ 9.5, 9, 10, 12 ], "texture": "#texture" },
				"south": { "uv": [ 9.5, 9, 10, 12 ], "texture": "#texture" },
				"west": { "uv": [ 9.5, 9, 10, 12 ], "texture": "#texture" },
				"east": { "uv": [ 9.5, 9, 10, 12 ], "texture": "#texture" }
			}
		},
		{
			"__comment": "Box2",
			"from": [ 2.25, 11.5, 2 ],
			"to": [ 4.25, 13.5, 7 ],
			"faces": {
				"down": { "uv": [ 7, 7, 8.5, 8.5 ], "texture": "#texture", "rotation": 180 },
				"up": { "uv": [ 3, 6.5, 8, 8 ], "texture": "#texture", "rotation": 180 },
				"north": { "uv": [ 9.5, 9, 10, 12 ], "texture": "#texture" },
				"south": { "uv": [ 9.5, 9, 10, 12 ], "texture": "#texture" },
				"west": { "uv": [ 9.5, 9, 10, 12 ], "texture": "#texture" },
				"east": { "uv": [ 9.5, 9, 10, 12 ], "texture": "#texture" }
			}
		},
		{
			"__comment": "Box2",
			"from": [ 11.75, 11.5, 2 ],
			"to": [ 13.75, 13.5, 7 ],
			"faces": {
				"down": { "uv": [ 7, 7, 8.5, 8.5 ], "texture": "#texture", "rotation": 180 },
				"up": { "uv": [ 3, 6.5, 8, 8 ], "texture": "#texture", "rotation": 180 },
				"north": { "uv": [ 9.5, 9, 10, 12 ], "texture": "#texture" },
				"south": { "uv": [ 9.5, 9, 10, 12 ], "texture": "#texture" },
				"west": { "uv": [ 9.5, 9, 10, 12 ], "texture": "#texture" },
				"east": { "uv": [ 9.5, 9, 10, 12 ], "texture": "#texture" }
			}
		},
		{
			"__comment": "Box2",
			"from": [ 2.75, 8.5, 2 ],
			"to": [ 3.75, 9, 7.5 ],
			"faces": {
				"down": { "uv": [ 10, 8, 11, 9.5 ], "texture": "#texture", "rotation": 270 },
				"up": { "uv": [ 12, 8, 12.5, 9.5 ], "texture": "#texture", "rotation": 270 },
				"north": { "uv": [ 9.5, 10, 11, 10.5 ], "texture": "#texture" },
				"south": { "uv": [ 8.5, 10, 9, 10.5 ], "texture": "#texture" },
				"west": { "uv": [ 10, 11, 10.5, 11.5 ], "texture": "#texture" },
				"east": { "uv": [ 10, 11, 10.5, 11.5 ], "texture": "#texture" }
			}
		},
		{
			"__comment": "Box2",
			"from": [ 12.25, 8.5, 2 ],
			"to": [ 13.25, 9, 7.5 ],
			"faces": {
				"down": { "uv": [ 10, 8, 11, 9.5 ], "texture": "#texture", "rotation": 270 },
				"up": { "uv": [ 12, 8, 12.5, 9.5 ], "texture": "#texture", "rotation": 270 },
				"north": { "uv": [ 9.5, 10, 11, 10.5 ], "texture": "#texture" },
				"south": { "uv": [ 8.5, 10, 9, 10.5 ], "texture": "#texture" },
				"west": { "uv": [ 10, 11, 10.5, 11.5 ], "texture": "#texture" },
				"east": { "uv": [ 10, 11, 10.5, 11.5 ], "texture": "#texture" }
			}
		},
		{
			"__comment": "Box2",
			"from": [ 12, 1.5, 2 ],
			"to": [ 13.5, 2.5, 7.25 ],
			"faces": {
				"down": { "uv": [ 1.5, 4, 2, 6.5 ], "texture": "#texture", "rotation": 90 },
				"up": { "uv": [ 2, 7, 4.5, 8 ], "texture": "#texture", "rotation": 180 },
				"north": { "uv": [ 6, 4, 7.5, 4.5 ], "texture": "#texture", "rotation": 270 },
				"south": { "uv": [ 6, 4, 7.5, 4.5 ], "texture": "#texture", "rotation": 270 },
				"west": { "uv": [ 7.5, 2, 7, 3.5 ], "texture": "#texture" },
				"east": { "uv": [ 7, 2, 7.5, 3.5 ], "texture": "#texture" }
			}
		},
		{
			"__comment": "Box2",
			"from": [ 0, 1.5, 7.25 ],
			"to": [ 4, 2.5, 8.75 ],
			"faces": {
				"down": { "uv": [ 1.5, 4, 2, 6.5 ], "texture": "#texture1", "rotation": 180 },
				"up": { "uv": [ 4.5, 10.5, 2, 4 ], "texture": "#texture2", "rotation": 270 },
				"north": { "uv": [ 6, 4, 7.5, 4.5 ], "texture": "#texture", "rotation": 270 },
				"south": { "uv": [ 6, 4, 7.5, 4.5 ], "texture": "#texture", "rotation": 270 },
				"west": { "uv": [ 9, 12, 6.5, 13 ], "texture": "#texture" },
				"east": { "uv": [ 7, 2, 7.5, 3.5 ], "texture": "#texture" }
			}
		},
		{
			"__comment": "Box2",
			"from": [ 2.5, 1.5, 2 ],
			"to": [ 4, 2.5, 7.25 ],
			"faces": {
				"down": { "uv": [ 1.5, 4, 2, 6.5 ], "texture": "#texture", "rotation": 90 },
				"up": { "uv": [ 2, 8, 4.5, 8.5 ], "texture": "#texture", "rotation": 180 },
				"north": { "uv": [ 6, 4, 7.5, 4.5 ], "texture": "#texture", "rotation": 270 },
				"south": { "uv": [ 6, 4, 7.5, 4.5 ], "texture": "#texture", "rotation": 270 },
				"west": { "uv": [ 7.5, 2, 7, 3.5 ], "texture": "#texture" },
				"east": { "uv": [ 7, 2, 7.5, 3.5 ], "texture": "#texture" }
			}
		}
	]
}