{
	"__comment": "Designed by Filmjolk",
	"ambientocclusion": false,
	"textures": {
		"particle": "block/jungle_trapdoor",
		"texture": "block/jungle_trapdoor"
	},
	"elements": [ 	 
		{
			"__comment": "Element",
			"from": [ 6, 13, 0 ],
			"to": [ 11, 15, 16 ],
			"faces": {
				"down": { "uv": [ 6, 0, 11, 16 ], "texture": "#texture" },
				"up": { "uv": [ 6, 0, 11, 16 ], "texture": "#texture" },
				"north": { "uv": [ 11, 13, 6, 15 ], "texture": "#texture" },
				"south": { "uv": [ 6, 14, 11, 16 ], "texture": "#texture" },
				"west": { "uv": [ 5, 10, 5.5, 10.5 ], "texture": "#texture" },
				"east": { "uv": [ 5, 10, 5.5, 10.5 ], "texture": "#texture" }
			}
		},
		{
			"__comment": "Element",
			"from": [ 0.5, 13, 0 ],
			"to": [ 5.5, 15, 16 ],
			"faces": {
				"down": { "uv": [ 0.5, 0, 5.5, 16 ], "texture": "#texture" },
				"up": { "uv": [ 0.5, 0, 5.5, 16 ], "texture": "#texture" },
				"north": { "uv": [ 5.5, 11.5, 0.5, 13.5 ], "texture": "#texture" },
				"south": { "uv": [ 0.5, 12, 5.5, 14 ], "texture": "#texture" },
				"west": { "uv": [ 14.5, 0, 15, 16 ], "texture": "#texture", "rotation": 270 },
				"east": { "uv": [ 5, 10.5, 5.5, 10 ], "texture": "#texture" }
			}
		},
		{
			"__comment": "Element",
			"from": [ 11.5, 13, 0 ],
			"to": [ 16, 15, 16 ],
			"faces": {
				"down": { "uv": [ 11.5, 0, 16, 16 ], "texture": "#texture" },
				"up": { "uv": [ 11.5, 0, 16, 16 ], "texture": "#texture" },
				"north": { "uv": [ 16, 14, 11.5, 16 ], "texture": "#texture" },
				"south": { "uv": [ 11.5, 14, 16, 16 ], "texture": "#texture" },
				"west": { "uv": [ 5, 10.5, 5.5, 11 ], "texture": "#texture" },
				"east": { "uv": [ 8.5, 0, 9, 16 ], "texture": "#texture", "rotation": 90 }
			}
		},
		{
			"__comment": "Element",
			"from": [ 0, 12, 5.5 ],
			"to": [ 16, 16, 10 ],
			"faces": {
				"down": { "uv": [ 0, 10, 16, 5.5 ], "texture": "#texture" },
				"up": { "uv": [ 0, 5.5, 16, 10 ], "texture": "#texture" },
				"north": { "uv": [ 0, 5.5, 1.5, 9.5 ], "texture": "#texture" },
				"south": { "uv": [ 5, 10, 5.5, 10.5 ], "texture": "#texture" },
				"west": { "uv": [ 10, 5.5, 10.5, 10 ], "texture": "#texture", "rotation": 270 },
				"east": { "uv": [ 15, 5.5, 15.5, 10 ], "texture": "#texture", "rotation": 90 }
			}
		}
	]
}