{
	"__comment": "Designed by Filmjolk",
	"textures": {
		"particle": "block/ladder",
		"texture": "block/ladder"
	},
	"elements": [ 	 
		{
			"__comment": "Box1",
			"from": [ 12, 0, 12.5 ],
			"to": [ 15.5, 16, 16 ],
			"faces": {
				"down": { "uv": [ 12, 0, 15.5, 3.5 ], "texture": "#texture", "rotation": 180 },
				"up": { "uv": [ 0.5, 0, 4, 3.5 ], "texture": "#texture", "rotation": 180 },
				"north": { "uv": [ 0.5, 0, 4, 16 ], "texture": "#texture" },
				"south": { "uv": [ 12, 0, 15.5, 16 ], "texture": "#texture" },
				"west": { "uv": [ 0.5, 0, 4, 16 ], "texture": "#texture" },
				"east": { "uv": [ 12, 0, 15.5, 16 ], "texture": "#texture" }
			}
		},
		{
			"__comment": "Box2",
			"from": [ 0.5, 0, 12.5 ],
			"to": [ 4, 16, 16 ],
			"faces": {
				"down": { "uv": [ 0.5, 0, 4, 3.5 ], "texture": "#texture", "rotation": 180 },
				"up": { "uv": [ 12, 5, 15.5, 8.5 ], "texture": "#texture", "rotation": 180 },
				"north": { "uv": [ 0.5, 0, 4, 16 ], "texture": "#texture" },
				"south": { "uv": [ 12, 0, 15.5, 16 ], "texture": "#texture" },
				"west": { "uv": [ 12, 0, 15.5, 16 ], "texture": "#texture" },
				"east": { "uv": [ 0.5, 0, 4, 16 ], "texture": "#texture" }
			}
		},
		{
			"__comment": "Box7",
			"from": [ 4, 1.5, 13.5 ],
			"to": [ 12, 4, 15 ],
			"faces": {
				"down": { "uv": [ 4, 2.5, 12, 4 ], "texture": "#texture" },
				"up": { "uv": [ 3.5, 7.5, 12.5, 9 ], "texture": "#texture" },
				"north": { "uv": [ 4, 12, 12, 14.5 ], "texture": "#texture" },
				"south": { "uv": [ 4, 12, 12, 14.5 ], "texture": "#texture" },
				"west": { "uv": [ 13.5, 12, 15, 14.5 ], "texture": "#texture" },
				"east": { "uv": [ 1, 12, 2.5, 14.5 ], "texture": "#texture" }
			}
		},
		{
			"__comment": "Box8",
			"from": [ 4, 6.5, 13.5 ],
			"to": [ 12, 9, 15 ],
			"faces": {
				"down": { "uv": [ 4, 8, 12, 9.5 ], "texture": "#texture" },
				"up": { "uv": [ 3.5, 2, 12.5, 3.5 ], "texture": "#texture" },
				"north": { "uv": [ 4, 7, 12, 9.5 ], "texture": "#texture" },
				"south": { "uv": [ 4, 7, 12, 9.5 ], "texture": "#texture" },
				"west": { "uv": [ 13.5, 7, 15, 9.5 ], "texture": "#texture" },
				"east": { "uv": [ 1, 7, 2.5, 9.5 ], "texture": "#texture" }
			}
		},
		{
			"__comment": "Box9",
			"from": [ 4, 12, 13.5 ],
			"to": [ 12, 14.5, 15 ],
			"faces": {
				"down": { "uv": [ 4, 13, 12, 14.5 ], "texture": "#texture" },
				"up": { "uv": [ 3.5, 12.5, 12.5, 14 ], "texture": "#texture" },
				"north": { "uv": [ 4, 1.5, 12, 4 ], "texture": "#texture" },
				"south": { "uv": [ 4, 1.5, 12, 4 ], "texture": "#texture" },
				"west": { "uv": [ 13.5, 1.5, 15, 4 ], "texture": "#texture" },
				"east": { "uv": [ 1, 1.5, 2.5, 4 ], "texture": "#texture" }
			}
		}
	]
}