{
"__comment": "Designed by Filmjolk",
"textures": {
    "particle": "block/rail_normal",
    "texture": "block/rail_normal"
},
"elements": [ 
{
    "from": [ 1, 0, 12.875 ],
    "to": [ 15, 0.5, 14.125 ],
    "faces": {
        "down":  { "uv": [ 1, 14.5, 15, 13 ], "texture": "#texture" },
        "up":    { "uv": [ 1, 13, 15, 14.5 ], "texture": "#texture" },
        "north": { "uv": [ 4.5, 14.5, 11.5, 15 ], "texture": "#texture" },
        "south": { "uv": [ 4.5, 14.5, 11.5, 15 ], "texture": "#texture" },
        "west":  { "uv": [ 7.5, 14.5, 9.5, 15 ], "texture": "#texture" },
        "east":  { "uv": [ 7, 14.5, 9, 15 ], "texture": "#texture" }
    }
},
{
    "from": [ 1, 0, 7.375 ],
    "to": [ 15, 0.5, 8.625 ],
    "faces": {
        "down":  { "uv": [ 1, 9, 15, 7.5 ], "texture": "#texture" },
        "up":    { "uv": [ 1, 7.5, 15, 9 ], "texture": "#texture" },
        "north": { "uv": [ 4.5, 14.5, 11.5, 15 ], "texture": "#texture" },
        "south": { "uv": [ 4.5, 14.5, 11.5, 15 ], "texture": "#texture" },
        "west":  { "uv": [ 7.5, 14.5, 9.5, 15 ], "texture": "#texture" },
        "east":  { "uv": [ 7, 14.5, 9, 15 ], "texture": "#texture" }
    }
},
{
    "from": [ 1, 0, 1.875 ],
    "to": [ 15, 0.5, 3.125 ],
    "faces": {
        "down":  { "uv": [ 1, 3.5, 15, 2 ], "texture": "#texture" },
        "up":    { "uv": [ 1, 2, 15, 3.5 ], "texture": "#texture" },
        "north": { "uv": [ 4.5, 14.5, 11.5, 15 ], "texture": "#texture" },
        "south": { "uv": [ 4.5, 14.5, 11.5, 15 ], "texture": "#texture" },
        "west":  { "uv": [ 7.5, 14.5, 9.5, 15 ], "texture": "#texture" },
        "east":  { "uv": [ 7, 14.5, 9, 15 ], "texture": "#texture" }
    }
},
{
    "from": [ 1.5, 0, 1.5 ],
    "to": [ 14.5, 0.5, 3.5 ],
    "faces": {
        "down":  { "uv": [ 1.5, 4, 14.5, 1.5 ], "texture": "#texture" },
        "up":    { "uv": [ 1.5, 1.5, 14.5, 4 ], "texture": "#texture" },
        "north": { "uv": [ 4.5, 14.5, 11.5, 15 ], "texture": "#texture" },
        "south": { "uv": [ 4.5, 14.5, 11.5, 15 ], "texture": "#texture" },
        "west":  { "uv": [ 7.5, 14.5, 9.5, 15 ], "texture": "#texture" },
        "east":  { "uv": [ 7.5, 14.5, 9.5, 15 ], "texture": "#texture" }
    }
},
{
    "from": [ 1.5, 0, 7 ],
    "to": [ 14.5, 0.5, 9 ],
    "faces": {
        "down":  { "uv": [ 1.5, 9.5, 14.5, 7 ], "texture": "#texture" },
        "up":    { "uv": [ 1.5, 7, 14.5, 9.5 ], "texture": "#texture" },
        "north": { "uv": [ 4.5, 14.5, 11.5, 15 ], "texture": "#texture" },
        "south": { "uv": [ 4.5, 14.5, 11.5, 15 ], "texture": "#texture" },
        "west":  { "uv": [ 7, 14.5, 9, 15 ], "texture": "#texture" },
        "east":  { "uv": [ 7.5, 14.5, 9.5, 15 ], "texture": "#texture" }
    }
},
{
    "from": [ 1.5, 0, 12.5 ],
    "to": [ 14.5, 0.5, 14.5 ],
    "faces": {
        "down":  { "uv": [ 1.5, 15, 14.5, 12.5 ], "texture": "#texture" },
        "up":    { "uv": [ 1.5, 12.5, 14.5, 15 ], "texture": "#texture" },
        "north": { "uv": [ 4.5, 14.5, 11.5, 15 ], "texture": "#texture" },
        "south": { "uv": [ 4.5, 14.5, 11.5, 15 ], "texture": "#texture" },
        "west":  { "uv": [ 7.5, 14.5, 9.5, 15 ], "texture": "#texture" },
        "east":  { "uv": [ 7, 14.5, 9, 15 ], "texture": "#texture" }
    }
},
{
    "from": [ 11.5, 0, 0 ],
    "to": [ 13, 1, 16 ],
    "faces": {
        "down":  { "uv": [ 11.5, 16, 13, 0 ], "texture": "#texture" },
        "up":    { "uv": [ 11.5, 0, 13, 16 ], "texture": "#texture" },
        "north": { "uv": [ 3, 15, 3.5, 15.5 ], "texture": "#texture" },
        "south": { "uv": [ 11.5, 15, 12, 15.5 ], "texture": "#texture" },
        "west":  { "uv": [ 3, 8, 3.5, 8.5 ], "rotation": 90, "texture": "#texture" },
        "east":  { "uv": [ 4, 8, 4.5, 8.5 ], "rotation": 90, "texture": "#texture" }
    }
},
{
    "from": [ 3, 0, 0 ],
    "to": [ 4.5, 1, 16 ],
    "faces": {
        "down":  { "uv": [ 3, 16, 4.5, 0 ], "texture": "#texture" },
        "up":    { "uv": [ 3, 0, 4.5, 16 ], "texture": "#texture" },
        "north": { "uv": [ 11.5, 15, 12, 15.5 ], "texture": "#texture" },
        "south": { "uv": [ 4, 11.5, 4.5, 12 ], "texture": "#texture" },
        "west":  { "uv": [ 3, 14, 3.5, 13.5 ], "rotation": 90, "texture": "#texture" },
        "east":  { "uv": [ 4, 8.5, 4.5, 8 ], "rotation": 90, "texture": "#texture" }
    }
}
]
}