{
	"__comment": "Designed by Filmjolk",
    "parent": "block/block",
	"textures": {
		"particle": "block/oak_fence",
		"texture": "block/oak_fence_gate"
	},
	"elements": [ 	 
		{
			"__comment": "lower bar",
			"from": [ 7.5, 3.5, 0 ],
			"to": [ 8.5, 6.5, 16 ],
			"faces": {
				"down": { "uv": [ 0, 7.5, 16, 8.5 ], "texture": "#texture", "rotation": 90 },
				"up": { "uv": [ 16, 8.5, 0, 7.5 ], "texture": "#texture", "rotation": 90 },
				"north": { "uv": [ 15, 3, 16, 6 ], "texture": "#texture" },
				"south": { "uv": [ 15, 3, 16, 6 ], "texture": "#texture" },
				"west": { "uv": [ 1.5, 3, 14.5, 6 ], "texture": "#texture" },
				"east": { "uv": [ 14.5, 3, 1.5, 6 ], "texture": "#texture" }
			}
		},
		{
			"__comment": "upper bar",
			"from": [ 7.5, 11, 0 ],
			"to": [ 8.5, 14, 16 ],
			"faces": {
				"down": { "uv": [ 0, 7.5, 16, 8.5 ], "texture": "#texture", "rotation": 90 },
				"up": { "uv": [ 16, 8.5, 0, 7.5 ], "texture": "#texture", "rotation": 90 },
				"north": { "uv": [ 15, 3, 16, 6 ], "texture": "#texture" },
				"south": { "uv": [ 15, 3, 16, 6 ], "texture": "#texture" },
				"west": { "uv": [ 3.5, 3, 13.5, 6 ], "texture": "#texture" },
				"east": { "uv": [ 11, 3, 7.5, 6 ], "texture": "#texture" }
			}
		}
	],
	"display": {
		"gui": {
			"rotation":  [ 30, 135, 0 ],
            "translation": [ 0, 0.5, 0 ],
			"scale":  [ 0.8, 0.8, 0.8 ]
		},
		"fixed": {
			"rotation":  [ 0, 90, 0 ],
			"scale":  [ 0.5, 0.5, 0.5 ]
		},
        "thirdperson_righthand": {
            "rotation": [ 75, 135, 0 ],
            "translation": [ 0, 2.5, 0],
            "scale": [ 0.375, 0.375, 0.375 ]
        },
        "firstperson_righthand": {
            "rotation": [ 0, 225, 0 ],
            "translation": [ 0, 1, 0 ],
            "scale": [ 0.30, 0.40, 0.30 ]
        },
        "firstperson_lefthand": {
            "rotation": [ 0, 225, 0 ],
            "translation": [ 0, 1, 0 ],
            "scale": [ 0.30, 0.40, 0.30 ]
        }
    }
}