{
	"__comment": "Designed by Filmjolk",
	"parent": "block/block",
	"textures": {
		"particle": "block/oak_fence",
		"texture": "block/oak_fence"
	},
	"elements": [
		{
			"__comment": "Center post",
			"from": [ 5.5, 0, 6.5 ],
			"to": [ 10.5, 16, 9.5 ],
			"faces": {
				"down": { "uv": [ 0, 1, 5, 4 ], "texture": "#texture", "cullface": "down" },
				"up": { "uv": [ 0, 1, 5, 4 ], "texture": "#texture", "cullface": "up" },
				"north": { "uv": [ 6, 0, 11, 16 ], "texture": "#texture" },
				"south": { "uv": [ 6, 0, 11, 16 ], "texture": "#texture" },
				"west": { "uv": [ 7, 0, 10, 16 ], "texture": "#texture" },
				"east": { "uv": [ 7, 0, 10, 16 ], "texture": "#texture" }
			}
		},
		{
			"__comment": "Center post",
			"from": [ 6, 0, 6 ],
			"to": [ 10, 16, 10 ],
			"faces": {
				"down": { "uv": [ 0.5, 0.5, 4.5, 4.5 ], "texture": "#texture", "cullface": "down" },
				"up": { "uv": [ 0.5, 0.5, 4.5, 4.5 ], "texture": "#texture", "cullface": "up" },
				"north": { "uv": [ 6.5, 0, 10.5, 16 ], "texture": "#texture" },
				"south": { "uv": [ 6.5, 0, 10.5, 16 ], "texture": "#texture" },
				"west": { "uv": [ 6.5, 0, 10.5, 16 ], "texture": "#texture" },
				"east": { "uv": [ 6.5, 0, 10.5, 16 ], "texture": "#texture" }
			}
		},
		{
			"__comment": "Center post",
			"from": [ 6.5, 0, 5.5 ],
			"to": [ 9.5, 16, 10.5 ],
			"faces": {
				"down": { "uv": [ 1, 0, 4, 5 ], "texture": "#texture", "cullface": "down" },
				"up": { "uv": [ 1, 0, 4, 5 ], "texture": "#texture", "cullface": "up" },
				"north": { "uv": [ 7, 0, 10, 16 ], "texture": "#texture" },
				"south": { "uv": [ 7, 0, 10, 16 ], "texture": "#texture" },
				"west": { "uv": [ 6, 0, 11, 16 ], "texture": "#texture" },
				"east": { "uv": [ 6, 0, 11, 16 ], "texture": "#texture" }
			}
		}
	]
}