{
	"__comment": "Designed by Filmjolk",
	"parent": "block/block",
	"textures": {
		"particle": "block/oak_fence",
		"texture": "block/oak_fence_gate"
	},
	"elements": [ 	 
		{
			"__comment": "upper bar",
			"from": [ 7.5, 11, 0 ],
			"to": [ 8.5, 14, 3 ],
			"faces": {
				"down": { "uv": [ 5.5, 7.5, 8.5, 8.5 ], "texture": "#texture", "rotation": 90 },
				"up": { "uv": [ 13, 8.5, 10, 7.5 ], "texture": "#texture", "rotation": 90 },
				"north": { "uv": [ 12, 3, 13, 6 ], "texture": "#texture" },
				"south": { "uv": [ 10.5, 3, 11.5, 6 ], "texture": "#texture" },
				"west": { "uv": [ 3.5, 3, 13.5, 6 ], "texture": "#texture" },
				"east": { "uv": [ 11, 3, 7.5, 6 ], "texture": "#texture" }
			}
		},
		{
			"__comment": "lower bar",
			"from": [ 8.5, 3.5, 2 ],
			"to": [ 14, 6.5, 3 ],
			"faces": {
				"down": { "uv": [ 0.5, 7.5, 6, 8.5 ], "texture": "#texture" },
				"up": { "uv": [ 12, 8.5, 6.5, 7.5 ], "texture": "#texture" },
				"north": { "uv": [ 0, 3, 5.5, 6 ], "texture": "#texture" },
				"south": { "uv": [ 10.5, 3, 16, 6 ], "texture": "#texture" },
				"east": { "uv": [ 16, 3, 15.5, 6 ], "texture": "#texture" }
			}
		},
		{
			"__comment": "upper bar",
			"from": [ 7.5, 3.5, 13 ],
			"to": [ 8.5, 6.5, 16 ],
			"faces": {
				"down": { "uv": [ 2.5, 7.5, 5.5, 8.5 ], "texture": "#texture", "rotation": 90 },
				"up": { "uv": [ 13.5, 8.5, 10.5, 7.5 ], "texture": "#texture", "rotation": 90 },
				"north": { "uv": [ 12, 3, 13, 6 ], "texture": "#texture" },
				"south": { "uv": [ 10.5, 3, 11.5, 6 ], "texture": "#texture" },
				"west": { "uv": [ 3.5, 3, 13.5, 6 ], "texture": "#texture" },
				"east": { "uv": [ 11, 3, 7.5, 6 ], "texture": "#texture" }
			}
		},
		{
			"__comment": "upper bar",
			"from": [ 7.5, 3.5, 0 ],
			"to": [ 8.5, 6.5, 3 ],
			"faces": {
				"down": { "uv": [ 1.5, 7.5, 4.5, 8.5 ], "texture": "#texture", "rotation": 90 },
				"up": { "uv": [ 12.5, 8.5, 9.5, 7.5 ], "texture": "#texture", "rotation": 90 },
				"north": { "uv": [ 12, 3, 13, 6 ], "texture": "#texture" },
				"south": { "uv": [ 10.5, 3, 11.5, 6 ], "texture": "#texture" },
				"west": { "uv": [ 3.5, 3, 13.5, 6 ], "texture": "#texture" },
				"east": { "uv": [ 11, 3, 7.5, 6 ], "texture": "#texture" }
			}
		},
		{
			"__comment": "upper bar",
			"from": [ 7.5, 11, 13 ],
			"to": [ 8.5, 14, 16 ],
			"faces": {
				"down": { "uv": [ 1.5, 7.5, 4.5, 8.5 ], "texture": "#texture", "rotation": 90 },
				"up": { "uv": [ 13.5, 8.5, 10.5, 7.5 ], "texture": "#texture", "rotation": 90 },
				"north": { "uv": [ 12, 3, 13, 6 ], "texture": "#texture" },
				"south": { "uv": [ 10.5, 3, 11.5, 6 ], "texture": "#texture" },
				"west": { "uv": [ 3.5, 3, 13.5, 6 ], "texture": "#texture" },
				"east": { "uv": [ 11, 3, 7.5, 6 ], "texture": "#texture" }
			}
		},
		{
			"__comment": "lower bar",
			"from": [ 8.5, 11, 2 ],
			"to": [ 14, 14, 3 ],
			"faces": {
				"down": { "uv": [ 1, 7.5, 6.5, 8.5 ], "texture": "#texture" },
				"up": { "uv": [ 9.5, 8.5, 4, 7.5 ], "texture": "#texture" },
				"north": { "uv": [ 0, 3, 5.5, 6 ], "texture": "#texture" },
				"south": { "uv": [ 10.5, 3, 16, 6 ], "texture": "#texture" },
				"east": { "uv": [ 16, 3, 15.5, 6 ], "texture": "#texture" }
			}
		},
		{
			"__comment": "lower bar",
			"from": [ 8.5, 3.5, 13 ],
			"to": [ 14, 6.5, 14 ],
			"faces": {
				"down": { "uv": [ 6, 7.5, 11.5, 8.5 ], "texture": "#texture" },
				"up": { "uv": [ 16, 8.5, 10.5, 7.5 ], "texture": "#texture" },
				"north": { "uv": [ 0, 3, 5.5, 6 ], "texture": "#texture" },
				"south": { "uv": [ 10.5, 3, 16, 6 ], "texture": "#texture" },
				"east": { "uv": [ 16, 3, 15.5, 6 ], "texture": "#texture" }
			}
		},
		{
			"__comment": "lower bar",
			"from": [ 8.5, 11, 13 ],
			"to": [ 14, 14, 14 ],
			"faces": {
				"down": { "uv": [ 9, 7.5, 14.5, 8.5 ], "texture": "#texture" },
				"up": { "uv": [ 16, 8.5, 10.5, 7.5 ], "texture": "#texture" },
				"north": { "uv": [ 0, 3, 5.5, 6 ], "texture": "#texture" },
				"south": { "uv": [ 10.5, 3, 16, 6 ], "texture": "#texture" },
				"east": { "uv": [ 16, 3, 15.5, 6 ], "texture": "#texture" }
			}
		}
	]
}