{
	"__comment": "Designed by Filmjolk",
	"parent": "block/block",
	"textures": {
		"particle": "block/oak_fence",
		"texture": "block/oak_fence"
	},
	"elements": [
		{
			"__comment": "top bar",
			"from": [ 7.5, 11, 0 ],
			"to": [ 8.5, 14, 5.5 ],
			"faces": {
				"down": { "uv": [ 11, 8.5, 16, 7.5 ], "texture": "#texture", "rotation": 270 },
				"up": { "uv": [ 11, 7.5, 16, 8.5 ], "texture": "#texture", "rotation": 270 },
				"west": { "uv": [ 11, 3, 16, 6 ], "texture": "#texture" },
				"east": { "uv": [ 16, 3, 11, 6 ], "texture": "#texture" }
			}
		},
		{
			"__comment": "lower bar",
			"from": [ 7.5, 3.5, 0 ],
			"to": [ 8.5, 6.5, 5.5 ],
			"faces": {
				"down": { "uv": [ 11, 7.5, 16, 8.5 ], "texture": "#texture", "rotation": 90 },
				"up": { "uv": [ 16, 8.5, 11, 7.5 ], "texture": "#texture", "rotation": 90 },
				"west": { "uv": [ 11, 3, 16, 6 ], "texture": "#texture" },
				"east": { "uv": [ 16, 3, 11, 6 ], "texture": "#texture" }
			}
		}
	]
}