{   "parent": "block/block",
    "textures": {
        "particle": "block/leaves_oak",
        "all": "block/leaves_oak",
        "apple": "block/leaves_oak_apple"
    },
    "elements": [
        {   "from": [ 0, 0, 0 ],
            "to": [ 16, 16, 16 ],
            "shade": true,
            "faces": {
                "down":  { "uv": [ 0, 0, 16, 16 ], "texture": "#all", "cullface": "down" },
                "up":    { "uv": [ 0, 0, 16, 16 ], "texture": "#all", "cullface": "up" },
                "north": { "uv": [ 0, 0, 16, 16 ], "texture": "#all", "cullface": "north" },
                "south": { "uv": [ 0, 0, 16, 16 ], "texture": "#all", "cullface": "south" },
                "west":  { "uv": [ 0, 0, 16, 16 ], "texture": "#all", "cullface": "west" },
                "east":  { "uv": [ 0, 0, 16, 16 ], "texture": "#apple", "cullface": "east" }
            }
        }
    ]
}
