{
	"__comment": "Designed by Filmjolk",
	"parent": "block/block",
	"textures": {
		"particle": "block/dirt",
		"side": "block/dirt_podzol_side",
		"top": "block/dirt_podzol_top",
		"bottom": "block/dirt"
	},
	"elements": [
		{
			"__comment": "Cube1",
			"from": [ 0, 0, 0 ],
			"to": [ 16, 16, 16 ],
			"faces": {
				"down": { "uv": [ 0, 0, 16, 16 ], "texture": "#bottom", "cullface": "down" },
				"north": { "uv": [ 0, 0, 16, 16 ], "texture": "#side", "cullface": "north" },
				"south": { "uv": [ 0, 0, 16, 16 ], "texture": "#side", "cullface": "south" },
				"west": { "uv": [ 0, 0, 16, 16 ], "texture": "#side", "cullface": "west" },
				"east": { "uv": [ 0, 0, 16, 16 ], "texture": "#side", "cullface": "east" }
			}
		},
		{
			"__comment": "PlaneY3",
			"from": [ -0.01, 15.999, -0.01 ],
			"to": [ 16.01, 16, 16.01 ],
			"faces": {
				"up": { "uv": [ 0, 0, 16, 16 ], "texture": "#top", "cullface": "up" }
			}
		},
		{
			"__comment": "PlaneX2",
			"from": [ 0, 13, 16 ],
			"to": [ 11.5, 13.5, 16.01 ],
			"shade": false,
			"faces": {
				"south": { "uv": [ 0, 2.5, 11.5, 3 ], "texture": "#side", "cullface": "south" }
			}
		},
		{
			"__comment": "PlaneX2",
			"from": [ 3.5, 12.5, 16 ],
			"to": [ 6.5, 13, 16.01 ],
			"shade": false,
			"faces": {
				"south": { "uv": [ 3.5, 3, 6.5, 3.5 ], "texture": "#side", "cullface": "south" }
			}
		},
		{
			"__comment": "PlaneX2",
			"from": [ 5, 12, 16 ],
			"to": [ 5.5, 12.5, 16.01 ],
			"shade": false,
			"faces": {
				"south": { "uv": [ 5, 3.5, 5.5, 4 ], "texture": "#side", "cullface": "south" }
			}
		},
		{
			"__comment": "PlaneX2",
			"from": [ 1, 12.5, 16 ],
			"to": [ 2.5, 13, 16.01 ],
			"shade": false,
			"faces": {
				"south": { "uv": [ 1, 3, 2.5, 3.5 ], "texture": "#side", "cullface": "south" }
			}
		},
		{
			"__comment": "PlaneX2",
			"from": [ 12.5, 13, 16 ],
			"to": [ 16, 13.5, 16.01 ],
			"shade": false,
			"faces": {
				"south": { "uv": [ 12.5, 2.5, 16, 3 ], "texture": "#side", "cullface": "south" }
			}
		},
		{
			"__comment": "PlaneX2",
			"from": [ 13.5, 12.5, 16 ],
			"to": [ 15.5, 13, 16.01 ],
			"shade": false,
			"faces": {
				"south": { "uv": [ 13.5, 3, 15.5, 3.5 ], "texture": "#side", "cullface": "south" }
			}
		},
		{
			"__comment": "PlaneX2",
			"from": [ 7, 12.5, 16 ],
			"to": [ 8.5, 13, 16.01 ],
			"shade": false,
			"faces": {
				"south": { "uv": [ 7, 3, 8.5, 3.5 ], "texture": "#side", "cullface": "south" }
			}
		},
		{
			"__comment": "PlaneX2",
			"from": [ 0, 13.5, 16 ],
			"to": [ 16, 16, 16.01 ],
			"shade": false,
			"faces": {
				"south": { "uv": [ 0, 0, 16, 2.5 ], "texture": "#side", "cullface": "south" }
			}
		},
		{
			"__comment": "PlaneX2",
			"from": [ -0.01, 13.5, 0 ],
			"to": [ 0, 16, 16 ],
			"shade": false,
			"faces": {
				"west": { "uv": [ 0, 0, 16, 2.5 ], "texture": "#side", "cullface": "west" }
			}
		},
		{
			"__comment": "PlaneX2",
			"from": [ -0.01, 13, 0 ],
			"to": [ 0, 13.5, 11.5 ],
			"shade": false,
			"faces": {
				"west": { "uv": [ 0, 2.5, 11.5, 3 ], "texture": "#side", "cullface": "west" }
			}
		},
		{
			"__comment": "PlaneX2",
			"from": [ -0.01, 12.5, 3.5 ],
			"to": [ 0, 13, 6.5 ],
			"shade": false,
			"faces": {
				"west": { "uv": [ 3.5, 3, 6.5, 3.5 ], "texture": "#side", "cullface": "west" }
			}
		},
		{
			"__comment": "PlaneX2",
			"from": [ -0.01, 12, 5 ],
			"to": [ 0, 12.5, 5.5 ],
			"shade": false,
			"faces": {
				"west": { "uv": [ 5, 3.5, 5.5, 4 ], "texture": "#side", "cullface": "west" }
			}
		},
		{
			"__comment": "PlaneX2",
			"from": [ -0.01, 12.5, 1 ],
			"to": [ 0, 13, 2.5 ],
			"shade": false,
			"faces": {
				"west": { "uv": [ 1, 3, 2.5, 3.5 ], "texture": "#side", "cullface": "west" }
			}
		},
		{
			"__comment": "PlaneX2",
			"from": [ -0.01, 13, 12.5 ],
			"to": [ 0, 13.5, 16 ],
			"shade": false,
			"faces": {
				"west": { "uv": [ 12.5, 2.5, 16, 3 ], "texture": "#side", "cullface": "west" }
			}
		},
		{
			"__comment": "PlaneX2",
			"from": [ -0.01, 12.5, 13.5 ],
			"to": [ 0, 13, 15.5 ],
			"shade": false,
			"faces": {
				"west": { "uv": [ 13.5, 3, 15.5, 3.5 ], "texture": "#side", "cullface": "west" }
			}
		},
		{
			"__comment": "PlaneX2",
			"from": [ -0.01, 12.5, 7 ],
			"to": [ 0, 13, 8.5 ],
			"shade": false,
			"faces": {
				"west": { "uv": [ 7, 3, 8.5, 3.5 ], "texture": "#side", "cullface": "west" }
			}
		},
		{
			"__comment": "PlaneX2",
			"from": [ 4.5, 13, -0.01 ],
			"to": [ 16, 13.5, 0 ],
			"shade": false,
			"faces": {
				"north": { "uv": [ 0, 2.5, 11.5, 3 ], "texture": "#side", "cullface": "north" }
			}
		},
		{
			"__comment": "PlaneX2",
			"from": [ 9.5, 12.5, -0.01 ],
			"to": [ 12.5, 13, 0 ],
			"shade": false,
			"faces": {
				"north": { "uv": [ 3.5, 3, 6.5, 3.5 ], "texture": "#side", "cullface": "north" }
			}
		},
		{
			"__comment": "PlaneX2",
			"from": [ 10.5, 12, -0.01 ],
			"to": [ 11, 12.5, 0 ],
			"shade": false,
			"faces": {
				"north": { "uv": [ 5, 3.5, 5.5, 4 ], "texture": "#side", "cullface": "north" }
			}
		},
		{
			"__comment": "PlaneX2",
			"from": [ 13.5, 12.5, -0.01 ],
			"to": [ 15, 13, 0 ],
			"shade": false,
			"faces": {
				"north": { "uv": [ 1, 3, 2.5, 3.5 ], "texture": "#side", "cullface": "north" }
			}
		},
		{
			"__comment": "PlaneX2",
			"from": [ 0, 13, -0.01 ],
			"to": [ 3.5, 13.5, 0 ],
			"shade": false,
			"faces": {
				"north": { "uv": [ 12.5, 2.5, 16, 3 ], "texture": "#side", "cullface": "north" }
			}
		},
		{
			"__comment": "PlaneX2",
			"from": [ 0.5, 12.5, -0.01 ],
			"to": [ 2.5, 13, 0 ],
			"shade": false,
			"faces": {
				"north": { "uv": [ 13.5, 3, 15.5, 3.5 ], "texture": "#side", "cullface": "north" }
			}
		},
		{
			"__comment": "PlaneX2",
			"from": [ 7.5, 12.5, -0.01 ],
			"to": [ 9, 13, 0 ],
			"shade": false,
			"faces": {
				"north": { "uv": [ 7, 3, 8.5, 3.5 ], "texture": "#side", "cullface": "north" }
			}
		},
		{
			"__comment": "PlaneX2",
			"from": [ 0, 13.5, -0.01 ],
			"to": [ 16, 16, 0 ],
			"shade": false,
			"faces": {
				"north": { "uv": [ 0, 0, 16, 2.5 ], "texture": "#side", "cullface": "north" }
			}
		},
		{
			"__comment": "PlaneX2",
			"from": [ 16, 13, 4.5 ],
			"to": [ 16.01, 13.5, 16 ],
			"shade": false,
			"faces": {
				"east": { "uv": [ 0, 2.5, 11.5, 3 ], "texture": "#side", "cullface": "east" }
			}
		},
		{
			"__comment": "PlaneX2",
			"from": [ 16, 12.5, 9.5 ],
			"to": [ 16.01, 13, 12.5 ],
			"shade": false,
			"faces": {
				"east": { "uv": [ 3.5, 3, 6.5, 3.5 ], "texture": "#side", "cullface": "east" }
			}
		},
		{
			"__comment": "PlaneX2",
			"from": [ 16, 12, 10.5 ],
			"to": [ 16.01, 12.5, 11 ],
			"shade": false,
			"faces": {
				"east": { "uv": [ 5, 3.5, 5.5, 4 ], "texture": "#side", "cullface": "east" }
			}
		},
		{
			"__comment": "PlaneX2",
			"from": [ 16, 12.5, 13.5 ],
			"to": [ 16.01, 13, 15 ],
			"shade": false,
			"faces": {
				"east": { "uv": [ 1, 3, 2.5, 3.5 ], "texture": "#side", "cullface": "east" }
			}
		},
		{
			"__comment": "PlaneX2",
			"from": [ 16, 13, 0 ],
			"to": [ 16.01, 13.5, 3.5 ],
			"shade": false,
			"faces": {
				"east": { "uv": [ 12.5, 2.5, 16, 3 ], "texture": "#side", "cullface": "east" }
			}
		},
		{
			"__comment": "PlaneX2",
			"from": [ 16, 12.5, 0.5 ],
			"to": [ 16.01, 13, 2.5 ],
			"shade": false,
			"faces": {
				"east": { "uv": [ 13.5, 3, 15.5, 3.5 ], "texture": "#side", "cullface": "east" }
			}
		},
		{
			"__comment": "PlaneX2",
			"from": [ 16, 12.5, 7.5 ],
			"to": [ 16.01, 13, 9 ],
			"shade": false,
			"faces": {
				"east": { "uv": [ 7, 3, 8.5, 3.5 ], "texture": "#side", "cullface": "east" }
			}
		},
		{
			"__comment": "PlaneX2",
			"from": [ 16, 13.5, 0 ],
			"to": [ 16.01, 16, 16 ],
			"shade": false,
			"faces": {
				"east": { "uv": [ 0, 0, 16, 2.5 ], "texture": "#side", "cullface": "east" }
			}
		}
	]
}