{
	"__comment": "Designed by Filmjolk",
	"textures": {
		"particle": "block/spruce_door_bottom",
		"texture": "block/spruce_door_top"
	},
	"elements": [ 	 
		{
			"__comment": "Cube5",
			"from": [ 0, 0, 6 ],
			"to": [ 3, 10.5, 9.5 ],
			"faces": {
				"up": { "uv": [ 6, 7, 9, 10.5 ], "texture": "#texture" },
				"west": { "uv": [ 6, 5.5, 9.5, 16 ], "texture": "#texture" },
				"east": { "uv": [ 9.5, 5.5, 6, 16 ], "texture": "#texture" }
			}
		},
		{
			"__comment": "Cube5",
			"from": [ 0, 13.5, 0 ],
			"to": [ 3, 16, 16 ],
			"faces": {
				"down": { "uv": [ 0, 0, 3, 16 ], "texture": "#texture" },
				"up": { "uv": [ 0, 0, 3, 16 ], "texture": "#texture" },
				"north": { "uv": [ 3, 0, 0, 2.5 ], "texture": "#texture" },
				"south": { "uv": [ 0, 0, 3, 2.5 ], "texture": "#texture" },
				"west": { "uv": [ 0, 0, 16, 2.5 ], "texture": "#texture" },
				"east": { "uv": [ 16, 0, 0, 2.5 ], "texture": "#texture" }
			}
		},
		{
			"__comment": "Cube5",
			"from": [ 0, 0, 0 ],
			"to": [ 3, 13.5, 6 ],
			"faces": {
				"north": { "uv": [ 3, 2.5, 0, 16 ], "texture": "#texture" },
				"south": { "uv": [ 6.5, 6.5, 9.5, 11.5 ], "texture": "#texture" },
				"west": { "uv": [ 0, 2.5, 6, 16 ], "texture": "#texture" },
				"east": { "uv": [ 6, 2.5, 0, 16 ], "texture": "#texture" }
			}
		},
		{
			"__comment": "Cube5",
			"from": [ 0, 0, 9.5 ],
			"to": [ 3, 13.5, 16 ],
			"faces": {
				"north": { "uv": [ 9.5, 7.5, 6.5, 12 ], "texture": "#texture" },
				"south": { "uv": [ 0, 2.5, 3, 16 ], "texture": "#texture" },
				"west": { "uv": [ 9.5, 2.5, 16, 16 ], "texture": "#texture" },
				"east": { "uv": [ 16, 2.5, 9.5, 16 ], "texture": "#texture" }
			}
		},
		{
			"__comment": "PlaneX9",
			"from": [ 1.5, 10.5, 6 ],
			"to": [ 1.501, 13.5, 9.5 ],
			"faces": {
				"west": { "uv": [ 6, 2.5, 9.5, 5.5 ], "texture": "#texture" },
				"east": { "uv": [ 6, 2.5, 9.5, 5.5 ], "texture": "#texture" }
			}
		}
	]
}