{
	"__comment": "Designed by Filmjolk",
	"parent": "block/block",
	"textures": {
		"particle": "block/spruce_fence",
		"texture": "block/spruce_fence"
	},
	"elements": [
		{
			"__comment": "Cube2",
			"from": [ 0, 14, 6.75 ],
			"to": [ 6, 15.5, 9.25 ],
			"faces": {
				"down": { "uv": [ 8.5, 9.5, 11, 14 ], "texture": "#texture", "rotation": 270 },
				"up": { "uv": [ 13.5, 5, 16, 11 ], "texture": "#texture", "rotation": 270 },
				"north": { "uv": [ 12, 3.5, 13.5, 10 ], "texture": "#texture", "rotation": 270 },
				"south": { "uv": [ 12, 2.5, 13.5, 8.5 ], "texture": "#texture", "rotation": 270 },
				"west": { "uv": [ 10, 0, 12, 2.5 ], "texture": "#texture", "rotation": 270 }
			}
		},
		{
			"__comment": "Cube3",
			"from": [ 0, 7.5, 7.25 ],
			"to": [ 6, 8, 8.75 ],
			"faces": {
				"down": { "uv": [ 8.5, 5.5, 10.5, 11 ], "texture": "#texture", "rotation": 270 },
				"up": { "uv": [ 10.5, 2.5, 12, 8.5 ], "texture": "#texture", "rotation": 270 },
				"north": { "uv": [ 0.5, 5, 1, 11 ], "texture": "#texture", "rotation": 270 },
				"south": { "uv": [ 1, 0, 1.5, 6 ], "texture": "#texture", "rotation": 270 },
				"west": { "uv": [ 7.25, 8, 8.75, 8.5 ], "texture": "#texture" }
			}
		},
		{
			"__comment": "Cube4",
			"from": [ 0, 0.5625, 7 ],
			"to": [ 6, 1.5625, 9 ],
			"faces": {
				"down": { "uv": [ 8.5, 0.5, 10.5, 8.5 ], "texture": "#texture", "rotation": 270 },
				"up": { "uv": [ 8.5, 8.5, 10.5, 14.5 ], "texture": "#texture", "rotation": 270 },
				"north": { "uv": [ 2, 3.5, 1, 11.5 ], "texture": "#texture", "rotation": 270 },
				"south": { "uv": [ 2, 4, 1, 12 ], "texture": "#texture", "rotation": 270 },
				"west": { "uv": [ 5, 14, 7, 15 ], "texture": "#texture" }
			}
		},
		{
			"__comment": "Cube5",
			"from": [ -0.3438, 14.0312, 7.75 ],
			"to": [ 9.1562, 14.5312, 8.25 ],
			"rotation": { "origin": [ -0.34375, 14.03125, 7.75 ], "axis": "z", "angle": -45 },
			"faces": {
				"down": { "uv": [ 1, 6, 1.5, 12 ], "texture": "#texture", "rotation": 90 },
				"up": { "uv": [ 7, 10, 7.5, 16 ], "texture": "#texture" },
				"north": { "uv": [ 1, 0, 1.5, 8.5 ], "texture": "#texture", "rotation": 270 },
				"south": { "uv": [ 1, 0.5, 1.5, 8.5 ], "texture": "#texture", "rotation": 270 },
				"west": { "uv": [ 10, 11, 16, 11.5 ], "texture": "#texture" }
			}
		},
		{
			"__comment": "Cube5",
			"from": [ 3.0937, 1.1875, 7.7812 ],
			"to": [ 7.8437, 1.6875, 8.2812 ],
			"rotation": { "origin": [ 3.09375, 1.1875, 7.78125 ], "axis": "z", "angle": 45 },
			"faces": {
				"down": { "uv": [ 1.5, 9, 1, 3 ], "texture": "#texture", "rotation": 90 },
				"up": { "uv": [ 1.5, 7, 1, 1 ], "texture": "#texture", "rotation": 90 },
				"north": { "uv": [ 8.5, 11, 9, 11.5 ], "texture": "#texture" },
				"south": { "uv": [ 1, 0, 1.5, 7.5 ], "texture": "#texture", "rotation": 270 }
			}
		},
		{
			"__comment": "Cube5",
			"from": [ -0.3438, 4.4688, 7.7812 ],
			"to": [ 4.1562, 4.9688, 8.2812 ],
			"rotation": { "origin": [ -0.34375, 4.46875, 7.78125 ], "axis": "z", "angle": -45 },
			"faces": {
				"down": { "uv": [ 9, 8.5, 9.5, 14.5 ], "texture": "#texture", "rotation": 270 },
				"up": { "uv": [ 1, 0, 1.5, 6 ], "texture": "#texture", "rotation": 270 },
				"north": { "uv": [ 8.5, 11, 9, 11.5 ], "texture": "#texture" },
				"south": { "uv": [ 1, 8, 1.5, 0 ], "texture": "#texture", "rotation": 270 },
				"west": { "uv": [ 10, 11, 16, 11.5 ], "texture": "#texture" }
			}
		},
		{
			"__comment": "Cube5",
			"from": [ 0, 7.5938, 7.75 ],
			"to": [ 8.75, 8.0938, 8.25 ],
			"rotation": { "origin": [ 0, 7.59375, 7.75 ], "axis": "z", "angle": 45 },
			"faces": {
				"down": { "uv": [ 9.5, 15.5, 9, 9.5 ], "texture": "#texture", "rotation": 90 },
				"up": { "uv": [ 1.5, 12, 1, 6 ], "texture": "#texture", "rotation": 90 },
				"north": { "uv": [ 1, 9.536743E-07, 1.5, 9.5 ], "texture": "#texture", "rotation": 270 },
				"south": { "uv": [ 1, 0, 1.5, 8.5 ], "texture": "#texture", "rotation": 270 },
				"west": { "uv": [ 16, 11.5, 10, 11 ], "texture": "#texture", "rotation": 180 },
				"east": { "uv": [ 6, 11.5, 0, 11 ], "texture": "#texture", "rotation": 180 }
			}
		},
		{
			"__comment": "Cube5",
			"from": [ 2.8125, 7.4062, 7.7812 ],
			"to": [ 7.3125, 7.9062, 8.2812 ],
			"rotation": { "origin": [ 2.8125, 7.40625, 7.78125 ], "axis": "z", "angle": -45 },
			"faces": {
				"down": { "uv": [ 1, 6.5, 1.5, 12.5 ], "texture": "#texture", "rotation": 270 },
				"up": { "uv": [ 1, 0, 1.5, 6 ], "texture": "#texture", "rotation": 270 },
				"north": { "uv": [ 8.5, 11, 9, 11.5 ], "texture": "#texture" },
				"south": { "uv": [ 1, 0, 1.5, 8 ], "texture": "#texture", "rotation": 270 }
			}
		},
		{
			"__comment": "Cube5",
			"from": [ 0, 4.125, 7.7812 ],
			"to": [ 4.75, 4.625, 8.2812 ],
			"rotation": { "origin": [ 0, 4.125, 7.78125 ], "axis": "z", "angle": 45 },
			"faces": {
				"down": { "uv": [ 1.5, 9.5, 1, 3.5 ], "texture": "#texture", "rotation": 90 },
				"up": { "uv": [ 1.5, 16, 1, 10 ], "texture": "#texture", "rotation": 90 },
				"north": { "uv": [ 8.5, 11, 9, 11.5 ], "texture": "#texture" },
				"south": { "uv": [ 1, 0, 1.5, 8 ], "texture": "#texture", "rotation": 270 },
				"west": { "uv": [ 1.5, 0, 1, 0.5 ], "texture": "#texture", "rotation": 180 }
			}
		}
	]
}