{
	"__comment": "Designed by Filmjolk",
	"parent": "block/block",
	"ambientocclusion": false,
	"textures": {
		"particle": "block/spruce_fence",
		"texture": "block/spruce_fence",
		"texture1": "block/spruce_fence_gate_open"
	},
	"elements": [ 	 
		{
			"__comment": "Cube5",
			"from": [ -0.25, 8.0521, 1.802 ],
			"to": [ 0.25, 10.5521, 2.302 ],
			"rotation": { "origin": [ 0.25, 8.09375, 2.375 ], "axis": "x", "angle": -45 },
			"faces": {
				"north": { "uv": [ 7, 10, 7.5, 16 ], "texture": "#texture", "rotation": 270 },
				"south": { "uv": [ 1.5, 6, 1, 0 ], "texture": "#texture", "rotation": 90 },
				"west": { "uv": [ 0.5, 4, 1, 4.5 ], "texture": "#texture", "rotation": 270 },
				"east": { "uv": [ 8.5, 11, 9, 11.5 ], "texture": "#texture", "rotation": 90 }
			}
		},
		{
			"__comment": "Cube2",
			"from": [ -1.25, 13.9688, 0.0313 ],
			"to": [ 1.25, 15.5313, 9.31255 ],
			"faces": {
				"down": { "uv": [ 11, 0, 8.5, 9 ], "texture": "#texture1" },
				"up": { "uv": [ 13.5, 0, 16, 9 ], "texture": "#texture1", "rotation": 180 },
				"north": { "uv": [ 12, 13.5, 13.5, 15 ], "texture": "#texture", "rotation": 270 },
				"south": { "uv": [ 12, 13.5, 13.5, 15 ], "texture": "#texture", "rotation": 270 },
				"west": { "uv": [ 12, 0, 13.5, 9 ], "texture": "#texture", "rotation": 270 },
				"east": { "uv": [ 12, 0, 13.5, 9 ], "texture": "#texture", "rotation": 270 }
			}
		},
		{
			"__comment": "Cube3",
			"from": [ -0.75, 7.4688, 0.125 ],
			"to": [ 0.75, 8.0313, 8.78125 ],
			"faces": {
				"down": { "uv": [ 13, 4, 11.5, 12.5 ], "texture": "#texture1" },
				"up": { "uv": [ 10.5, 7.5, 12, 16 ], "texture": "#texture1", "rotation": 180 },
				"north": { "uv": [ 5.5, 13, 7, 13.5 ], "texture": "#texture" },
				"south": { "uv": [ 5.5, 13, 7, 13.5 ], "texture": "#texture" },
				"west": { "uv": [ 0.5, 0, 1, 8.5 ], "texture": "#texture", "rotation": 270 },
				"east": { "uv": [ 0.5, 7.499999, 1, 16 ], "texture": "#texture", "rotation": 270 }
			}
		},
		{
			"__comment": "Cube4",
			"from": [ -1, 0.5312, 0.0313 ],
			"to": [ 1, 1.5937, 9.06255 ],
			"faces": {
				"down": { "uv": [ 10.5, 0, 8.5, 8.5 ], "texture": "#texture1" },
				"up": { "uv": [ 8.5, 0, 10.5, 8.5 ], "texture": "#texture1", "rotation": 180 },
				"north": { "uv": [ 1, 13.5, 2, 14.5 ], "texture": "#texture", "rotation": 90 },
				"south": { "uv": [ 1, 13.5, 2, 14.5 ], "texture": "#texture", "rotation": 90 },
				"west": { "uv": [ 1, 0, 2, 16 ], "texture": "#texture", "rotation": 90 },
				"east": { "uv": [ 2, 0, 1, 16 ], "texture": "#texture", "rotation": 270 }
			}
		},
		{
			"__comment": "Cube5",
			"from": [ -0.25, 14, 1.625 ],
			"to": [ 0.25, 14.5, 10.625 ],
			"rotation": { "origin": [ 0.25, 14, 1.625 ], "axis": "x", "angle": 45 },
			"faces": {
				"down": { "uv": [ 1, 0, 1.5, 6 ], "texture": "#texture", "rotation": 180 },
				"up": { "uv": [ 0.5, 0, 1, 6 ], "texture": "#texture" },
				"north": { "uv": [ 0.5, 10.5, 1, 11 ], "texture": "#texture" },
				"west": { "uv": [ 0.5, 4.5, 1, 5 ], "texture": "#texture" },
				"east": { "uv": [ 8.5, 11, 9, 11.5 ], "texture": "#texture" }
			}
		},
		{
			"__comment": "Cube5",
			"from": [ -0.2812, 2.5625, 0.4374 ],
			"to": [ 0.2188005, 3.0625, 7.4374 ],
			"rotation": { "origin": [ 0.21875, 2.5625, 0.4375005 ], "axis": "x", "angle": -45 },
			"faces": {
				"down": { "uv": [ 1.5, 6, 1, 0 ], "texture": "#texture" },
				"up": { "uv": [ 1, 6, 0.5, 0 ], "texture": "#texture", "rotation": 180 },
				"west": { "uv": [ 0.5, 2.5, 1, 3 ], "texture": "#texture" },
				"east": { "uv": [ 8.5, 11, 9, 11.5 ], "texture": "#texture" }
			}
		},
		{
			"__comment": "Cube5",
			"from": [ -0.2812, 1.1875, 5.0937 ],
			"to": [ 0.2188, 1.6875, 9.6562 ],
			"rotation": { "origin": [ 0.21875, 1.1875, 5.09375 ], "axis": "x", "angle": -45 },
			"faces": {
				"down": { "uv": [ 1, 2.5, 1.5, 8.5 ], "texture": "#texture", "rotation": 270 },
				"up": { "uv": [ 1, 3.5, 1.5, 9.5 ], "texture": "#texture", "rotation": 90 },
				"north": { "uv": [ 9.5, 11, 10, 12 ], "texture": "#texture" },
				"west": { "uv": [ 0.5, 4.5, 1, 5 ], "texture": "#texture" },
				"east": { "uv": [ 8.5, 11, 9, 11.5 ], "texture": "#texture" }
			}
		},
		{
			"__comment": "Cube5",
			"from": [ -0.25, 7.5938, 1.9687 ],
			"to": [ 0.25, 8.0938, 11.1562 ],
			"rotation": { "origin": [ 0.249999, 7.59375, 1.96875 ], "axis": "x", "angle": -45 },
			"faces": {
				"down": { "uv": [ 1.5, 11, 1, 10.5 ], "texture": "#texture", "rotation": 270 },
				"up": { "uv": [ 1, 6, 0.5, 0 ], "texture": "#texture", "rotation": 180 },
				"north": { "uv": [ 10, 12, 9, 13 ], "texture": "#texture", "rotation": 180 },
				"south": { "uv": [ 10, 10, 9, 9 ], "texture": "#texture", "rotation": 180 },
				"west": { "uv": [ 0.5, 4.5, 1, 5 ], "texture": "#texture" },
				"east": { "uv": [ 8.5, 11, 9, 11.5 ], "texture": "#texture" }
			}
		},
		{
			"__comment": "Cube5",
			"from": [ -0.2812, 5.9687, 0.1875 ],
			"to": [ 0.2188005, 6.4687, 7.1875 ],
			"rotation": { "origin": [ 0.21875, 5.96875, 0.1875005 ], "axis": "x", "angle": 45 },
			"faces": {
				"down": { "uv": [ 1, 0, 1.5, 6 ], "texture": "#texture", "rotation": 180 },
				"up": { "uv": [ 0.5, 0, 1, 6 ], "texture": "#texture" },
				"west": { "uv": [ 0.5, 11, 1, 11.5 ], "texture": "#texture" },
				"east": { "uv": [ 8.5, 11, 9, 11.5 ], "texture": "#texture" }
			}
		},
		{
			"__comment": "Cube5",
			"from": [ -0.2812, 7.5, 4.5313 ],
			"to": [ 0.2188005, 8, 9.2813 ],
			"rotation": { "origin": [ 0.21875, 7.5, 4.53125 ], "axis": "x", "angle": 45 },
			"faces": {
				"down": { "uv": [ 1.5, 8, 1, 2 ], "texture": "#texture", "rotation": 90 },
				"up": { "uv": [ 1, 8, 0.5, 16 ], "texture": "#texture", "rotation": 180 },
				"north": { "uv": [ 1.5, 1, 1, 5.500001 ], "texture": "#texture", "rotation": 180 },
				"west": { "uv": [ 0.5, 7.5, 1, 8 ], "texture": "#texture" },
				"east": { "uv": [ 8.5, 11, 9, 11.5 ], "texture": "#texture" }
			}
		},
		{
			"__comment": "Cube5",
			"from": [ -0.25, 12.2187, 0.4687 ],
			"to": [ 0.25, 12.7187, 3.4062 ],
			"rotation": { "origin": [ 0.25, 12.2188, 0.4688 ], "axis": "x", "angle": -45 },
			"faces": {
				"down": { "uv": [ 1, 1, 1.5, 7 ], "texture": "#texture", "rotation": 180 },
				"up": { "uv": [ 7, 10, 7.5, 16 ], "texture": "#texture", "rotation": 90 },
				"west": { "uv": [ 0.5, 4, 1, 4.5 ], "texture": "#texture" },
				"east": { "uv": [ 8.5, 11, 9, 11.5 ], "texture": "#texture" }
			}
		},
		{
			"__comment": "Cube22",
			"from": [ -0.5, 0.0312, 0.0625 ],
			"to": [ 0.5, 14.5312, 0.5625 ],
			"faces": {
				"down": { "uv": [ 9, 11, 10, 12 ], "texture": "#texture", "rotation": 270 },
				"north": { "uv": [ 9, 0, 10, 13.5 ], "texture": "#texture" },
				"south": { "uv": [ 6, 1.5, 7, 15 ], "texture": "#texture" },
				"west": { "uv": [ 13, 1, 14, 14.5 ], "texture": "#texture" },
				"east": { "uv": [ 13, 1, 14, 14.5 ], "texture": "#texture" }
			}
		},
		{
			"__comment": "Cube23",
			"from": [ -0.4687, 3.8438, 0.1562 ],
			"to": [ 0.4688, 11.8438, 0.7812 ],
			"faces": {
				"down": { "uv": [ 7.25, 7.5, 8.75, 8.5 ], "texture": "#texture", "rotation": 270 },
				"up": { "uv": [ 7.25, 7.5, 8.75, 8.5 ], "texture": "#texture", "rotation": 90 },
				"north": { "uv": [ 6.5, 4.5, 7.5, 12.5 ], "texture": "#texture" },
				"south": { "uv": [ 6.5, 4, 7.5, 12 ], "texture": "#texture" },
				"west": { "uv": [ 12.5, 4, 14.5, 12 ], "texture": "#texture" },
				"east": { "uv": [ 12.5, 3.5, 14.5, 11.5 ], "texture": "#texture" }
			}
		},
		{
			"__comment": "Cube2",
			"from": [ 14.7812, 13.9688, 0.0312 ],
			"to": [ 17.2812, 15.5313, 9.31245 ],
			"faces": {
				"down": { "uv": [ 8.5, 0, 11, 9 ], "texture": "#texture1" },
				"up": { "uv": [ 16, 0, 13.5, 9 ], "texture": "#texture1", "rotation": 180 },
				"north": { "uv": [ 12, 13.5, 13.5, 15 ], "texture": "#texture", "rotation": 270 },
				"south": { "uv": [ 12, 13.5, 13.5, 15 ], "texture": "#texture", "rotation": 270 },
				"west": { "uv": [ 12, 0, 13.5, 9 ], "texture": "#texture", "rotation": 270 },
				"east": { "uv": [ 12, 0, 13.5, 9 ], "texture": "#texture", "rotation": 270 }
			}
		},
		{
			"__comment": "Cube3",
			"from": [ 15.2812, 7.4688, 0.125 ],
			"to": [ 16.7812, 8.0313, 8.78125 ],
			"faces": {
				"down": { "uv": [ 11.5, 4, 13, 12.5 ], "texture": "#texture1" },
				"up": { "uv": [ 12, 7.5, 10.5, 16 ], "texture": "#texture1", "rotation": 180 },
				"north": { "uv": [ 5.5, 13, 7, 13.5 ], "texture": "#texture" },
				"south": { "uv": [ 5.5, 13, 7, 13.5 ], "texture": "#texture" },
				"west": { "uv": [ 0.5, 0, 1, 8.5 ], "texture": "#texture", "rotation": 270 },
				"east": { "uv": [ 0.5, 7.499999, 1, 16 ], "texture": "#texture", "rotation": 270 }
			}
		},
		{
			"__comment": "Cube4",
			"from": [ 15.0312, 0.5312, 0.0312 ],
			"to": [ 17.0312, 1.5937, 9.06245 ],
			"faces": {
				"down": { "uv": [ 8.5, 0, 10.5, 8.5 ], "texture": "#texture1" },
				"up": { "uv": [ 10.5, 0, 8.5, 8.5 ], "texture": "#texture1", "rotation": 180 },
				"north": { "uv": [ 1, 13.5, 2, 14.5 ], "texture": "#texture", "rotation": 90 },
				"south": { "uv": [ 1, 13.5, 2, 14.5 ], "texture": "#texture", "rotation": 90 },
				"west": { "uv": [ 1, 0, 2, 16 ], "texture": "#texture", "rotation": 90 },
				"east": { "uv": [ 2, 0, 1, 16 ], "texture": "#texture", "rotation": 270 }
			}
		},
		{
			"__comment": "Cube22",
			"from": [ 15.5313, 0.0312, 0.0625 ],
			"to": [ 16.5313, 14.5312, 0.5625 ],
			"faces": {
				"down": { "uv": [ 9, 11, 10, 12 ], "texture": "#texture", "rotation": 270 },
				"north": { "uv": [ 9, 0, 10, 13.5 ], "texture": "#texture" },
				"south": { "uv": [ 6, 1.5, 7, 15 ], "texture": "#texture" },
				"west": { "uv": [ 13, 1, 14, 14.5 ], "texture": "#texture" },
				"east": { "uv": [ 13, 1, 14, 14.5 ], "texture": "#texture" }
			}
		},
		{
			"__comment": "Cube23",
			"from": [ 15.5626, 3.8438, 0.1562 ],
			"to": [ 16.5001, 11.8438, 0.7812 ],
			"faces": {
				"down": { "uv": [ 7.25, 7.5, 8.75, 8.5 ], "texture": "#texture", "rotation": 270 },
				"up": { "uv": [ 7.25, 7.5, 8.75, 8.5 ], "texture": "#texture", "rotation": 90 },
				"north": { "uv": [ 6.5, 4.5, 7.5, 12.5 ], "texture": "#texture" },
				"south": { "uv": [ 6.5, 4, 7.5, 12 ], "texture": "#texture" },
				"west": { "uv": [ 12.5, 4, 14.5, 12 ], "texture": "#texture" },
				"east": { "uv": [ 12.5, 3.5, 14.5, 11.5 ], "texture": "#texture" }
			}
		},
		{
			"__comment": "Cube5",
			"from": [ 15.7813, 8.0521, 1.802 ],
			"to": [ 16.2813, 10.5521, 2.302 ],
			"rotation": { "origin": [ 16.28125, 8.09375, 2.375 ], "axis": "x", "angle": -45 },
			"faces": {
				"north": { "uv": [ 7, 10, 7.5, 16 ], "texture": "#texture", "rotation": 270 },
				"south": { "uv": [ 1.5, 6, 1, 0 ], "texture": "#texture", "rotation": 90 },
				"west": { "uv": [ 0.5, 4, 1, 4.5 ], "texture": "#texture", "rotation": 270 },
				"east": { "uv": [ 8.5, 11, 9, 11.5 ], "texture": "#texture", "rotation": 90 }
			}
		},
		{
			"__comment": "Cube5",
			"from": [ 15.7812, 14, 1.625 ],
			"to": [ 16.2812, 14.5, 10.625 ],
			"rotation": { "origin": [ 16.28125, 14, 1.625 ], "axis": "x", "angle": 45 },
			"faces": {
				"down": { "uv": [ 1, 0, 1.5, 6 ], "texture": "#texture", "rotation": 180 },
				"up": { "uv": [ 0.5, 0, 1, 6 ], "texture": "#texture" },
				"north": { "uv": [ 0.5, 10.5, 1, 11 ], "texture": "#texture" },
				"west": { "uv": [ 0.5, 4.5, 1, 5 ], "texture": "#texture" },
				"east": { "uv": [ 8.5, 11, 9, 11.5 ], "texture": "#texture" }
			}
		},
		{
			"__comment": "Cube5",
			"from": [ 15.75, 2.5625, 0.4374 ],
			"to": [ 16.25, 3.0625, 7.4374 ],
			"rotation": { "origin": [ 16.25, 2.5625, 0.4375 ], "axis": "x", "angle": -45 },
			"faces": {
				"down": { "uv": [ 1.5, 6, 1, 0 ], "texture": "#texture" },
				"up": { "uv": [ 1, 6, 0.5, 0 ], "texture": "#texture", "rotation": 180 },
				"west": { "uv": [ 0.5, 2.5, 1, 3 ], "texture": "#texture" },
				"east": { "uv": [ 8.5, 11, 9, 11.5 ], "texture": "#texture" }
			}
		},
		{
			"__comment": "Cube5",
			"from": [ 15.7812, 7.5938, 1.9687 ],
			"to": [ 16.2812, 8.0938, 11.1562 ],
			"rotation": { "origin": [ 16.28125, 7.59375, 1.96875 ], "axis": "x", "angle": -45 },
			"faces": {
				"down": { "uv": [ 1.5, 11, 1, 10.5 ], "texture": "#texture", "rotation": 270 },
				"up": { "uv": [ 1, 6, 0.5, 0 ], "texture": "#texture", "rotation": 180 },
				"north": { "uv": [ 10, 12, 9, 13 ], "texture": "#texture", "rotation": 180 },
				"south": { "uv": [ 10, 10, 9, 9 ], "texture": "#texture", "rotation": 180 },
				"west": { "uv": [ 0.5, 4.5, 1, 5 ], "texture": "#texture" },
				"east": { "uv": [ 8.5, 11, 9, 11.5 ], "texture": "#texture" }
			}
		},
		{
			"__comment": "Cube5",
			"from": [ 15.75, 5.9687, 0.1875 ],
			"to": [ 16.25, 6.4687, 7.1875 ],
			"rotation": { "origin": [ 16.25, 5.96875, 0.1875 ], "axis": "x", "angle": 45 },
			"faces": {
				"down": { "uv": [ 1, 0, 1.5, 6 ], "texture": "#texture", "rotation": 180 },
				"up": { "uv": [ 0.5, 0, 1, 6 ], "texture": "#texture" },
				"west": { "uv": [ 0.5, 11, 1, 11.5 ], "texture": "#texture" },
				"east": { "uv": [ 8.5, 11, 9, 11.5 ], "texture": "#texture" }
			}
		},
		{
			"__comment": "Cube5",
			"from": [ 15.7813, 12.2187, 0.4687 ],
			"to": [ 16.2813, 12.7187, 3.4062 ],
			"rotation": { "origin": [ 16.28125, 12.2188, 0.4687995 ], "axis": "x", "angle": -45 },
			"faces": {
				"down": { "uv": [ 1, 1, 1.5, 7 ], "texture": "#texture", "rotation": 180 },
				"up": { "uv": [ 7, 10, 7.5, 16 ], "texture": "#texture", "rotation": 90 },
				"west": { "uv": [ 0.5, 4, 1, 4.5 ], "texture": "#texture" },
				"east": { "uv": [ 8.5, 11, 9, 11.5 ], "texture": "#texture" }
			}
		},
		{
			"__comment": "Cube5",
			"from": [ 15.75, 7.5, 4.5312 ],
			"to": [ 16.25, 8, 9.2812 ],
			"rotation": { "origin": [ 16.25, 7.5, 4.53125 ], "axis": "x", "angle": 45 },
			"faces": {
				"down": { "uv": [ 1.5, 8, 1, 2 ], "texture": "#texture", "rotation": 90 },
				"up": { "uv": [ 1, 8, 0.5, 16 ], "texture": "#texture", "rotation": 180 },
				"north": { "uv": [ 1.5, 1, 1, 5.500001 ], "texture": "#texture", "rotation": 180 },
				"west": { "uv": [ 0.5, 7.5, 1, 8 ], "texture": "#texture" },
				"east": { "uv": [ 8.5, 11, 9, 11.5 ], "texture": "#texture" }
			}
		},
		{
			"__comment": "Cube5",
			"from": [ 15.75, 1.1875, 5.0937 ],
			"to": [ 16.25, 1.6875, 9.6562 ],
			"rotation": { "origin": [ 16.25, 1.1875, 5.09375 ], "axis": "x", "angle": -45 },
			"faces": {
				"down": { "uv": [ 1, 2.5, 1.5, 8.5 ], "texture": "#texture", "rotation": 270 },
				"up": { "uv": [ 1, 3.5, 1.5, 9.5 ], "texture": "#texture", "rotation": 90 },
				"north": { "uv": [ 9.5, 11, 10, 12 ], "texture": "#texture" },
				"west": { "uv": [ 0.5, 4.5, 1, 5 ], "texture": "#texture" },
				"east": { "uv": [ 8.5, 11, 9, 11.5 ], "texture": "#texture" }
			}
		}
	],
	"display": {
		"thirdperson_righthand": {
			"rotation":  [ 75, 45, 0 ],
			"translation":  [ 0, 2.5, 0 ],
			"scale":  [ 0.375, 0.375, 0.375 ]
		},
		"firstperson_righthand": {
			"rotation":  [ 0, 135, 0 ],
			"translation":  [ 0, 1, 0 ],
			"scale":  [ 0.3, 0.3, 0.3 ]
		},
		"firstperson_lefthand": {
			"rotation":  [ 0, 225, 0 ],
			"scale":  [ 0.3, 0.3, 0.3 ]
		},
		"gui": {
			"rotation":  [ 30, 45, 0 ],
			"scale":  [ 0.625, 0.625, 0.625 ]
		},
		"fixed": {
			"rotation":  [ 0, 90, 0 ],
			"scale":  [ 0.5, 0.5, 0.5 ]
		}
	}
}