{
	"__comment": "Designed by Filmjolk",
	"parent": "block/block",
	"textures": {
		"particle": "block/spruce_fence",
		"texture": "block/spruce_fence"
	},
	"elements": [ 	 
		{
			"__comment": "bottom",
			"from": [ 6, 0, 6 ],
			"to": [ 10, 16, 10 ],
			"faces": {
				"down": { "uv": [ 4, 1.5, 8, 5.5 ], "texture": "#texture", "cullface": "down" },
				"north": { "uv": [ 4, 0, 8, 16 ], "texture": "#texture" },
				"south": { "uv": [ 4, 0, 8, 16 ], "texture": "#texture" },
				"west": { "uv": [ 4, 0, 8, 16 ], "texture": "#texture" },
				"east": { "uv": [ 4, 0, 8, 16 ], "texture": "#texture" }
			}
		},
		{
			"__comment": "top",
			"from": [ 6, 16, 6 ],
			"to": [ 10, 17.5, 10 ],
			"faces": {
				"up": { "uv": [ 4, 2.5, 8, 3 ], "texture": "#texture", "cullface": "up" },
				"north": { "uv": [ 4, 13.5, 8, 15 ], "texture": "#texture", "cullface": "up" },
				"south": { "uv": [ 4, 13.5, 8, 15 ], "texture": "#texture", "cullface": "up" },
				"west": { "uv": [ 4, 13.5, 8, 15 ], "texture": "#texture", "cullface": "up" },
				"east": { "uv": [ 4, 13.5, 8, 15 ], "texture": "#texture", "cullface": "up" }
			}
		}
	]
}