{
    "ambientocclusion": false,
    "textures": {
        "particle": "#stem"
    },
	"elements": [ 	 
		{
			"__comment": "cross1",
			"from": [ -1.875, 0, 9.875 ],
			"to": [ 14.125, 16, 9.876 ],
			"rotation": { "origin": [ 6.125, 9, 9.875 ], "axis": "y", "angle": 45 },
			"shade": false,
			"faces": {
				"north": { "uv": [ 16, 0, 0, 16 ], "texture": "#stem2" },
				"south": { "uv": [ 0, 0, 16, 16 ], "texture": "#stem2" }
			}
		},
		{
			"__comment": "cross2",
			"from": [ 6.125, 0, 1.875 ],
			"to": [ 6.126, 16, 17.875 ],
			"rotation": { "origin": [ 6.125, 9, 9.875 ], "axis": "y", "angle": 45 },
			"shade": false,
			"faces": {
				"west": { "uv": [ 0, 0, 16, 16 ], "texture": "#stem" },
				"east": { "uv": [ 16, 0, 0, 16 ], "texture": "#stem" }
			}
		},
		{
			"__comment": "pumpkin",
			"from": [ 8, 0, 3 ],
			"to": [ 13, 5, 8 ],
			"faces": {
				"down": { "uv": [ 0, 0, 5, 5 ], "texture": "#bottom" },
				"up": { "uv": [ 0, 0, 5, 5 ], "texture": "#top" },
				"north": { "uv": [ 0, 0, 5, 5 ], "texture": "#side" },
				"south": { "uv": [ 0, 0, 5, 5 ], "texture": "#side" },
				"west": { "uv": [ 0, 0, 5, 5 ], "texture": "#side" },
				"east": { "uv": [ 0, 0, 5, 5 ], "texture": "#side" }
			}
		}
	]
}