{
	"__comment": "Designed by Filmjolk",
	"textures": {
		"particle": "block/oak_door_bottom",
		"texture": "block/oak_door_bottom",
		"texture1": "block/oak_door_bottom_rh"
	},
	"elements": [ 	 
		{
			"__comment": "Cube1",
			"from": [ 0, 0, 5 ],
			"to": [ 3, 0.5, 11 ],
			"faces": {
				"down": { "uv": [ 0, 5, 3, 11 ], "texture": "#texture", "rotation": 180 },
				"up": { "uv": [ 6.5, 15.5, 10, 16 ], "texture": "#texture", "rotation": 180 },
				"west": { "uv": [ 5, 15.5, 11, 16 ], "texture": "#texture" },
				"east": { "uv": [ 5, 15.5, 11, 16 ], "texture": "#texture" }
			}
		},
		{
			"__comment": "Cube1",
			"from": [ 0, 6, 11 ],
			"to": [ 3, 16, 16 ],
			"faces": {
				"down": { "uv": [ 0, 0, 3, 5 ], "texture": "#texture" },
				"north": { "uv": [ 13, 0, 16, 10 ], "texture": "#texture" },
				"south": { "uv": [ 3, 0, 0, 10 ], "texture": "#texture" },
				"west": { "uv": [ 11, 0, 16, 10 ], "texture": "#texture1" },
				"east": { "uv": [ 0, 0, 5, 10 ], "texture": "#texture" }
			}
		},
		{
			"__comment": "Cube1",
			"from": [ 0, 13, 0 ],
			"to": [ 3, 16, 11 ],
			"faces": {
				"down": { "uv": [ 0, 5, 3, 16 ], "texture": "#texture" },
				"north": { "uv": [ 0, 2, 3, 5 ], "texture": "#texture" },
				"west": { "uv": [ 0, 0, 11, 3 ], "texture": "#texture1" },
				"east": { "uv": [ 5, 0, 16, 3 ], "texture": "#texture" }
			}
		},
		{
			"__comment": "Cube1",
			"from": [ 0, 0, 11 ],
			"to": [ 3, 6, 16 ],
			"faces": {
				"down": { "uv": [ 0, 0, 3, 5 ], "texture": "#texture" },
				"north": { "uv": [ 13, 10, 16, 16 ], "texture": "#texture" },
				"south": { "uv": [ 3, 10, 0, 16 ], "texture": "#texture" },
				"west": { "uv": [ 11, 10, 16, 16 ], "texture": "#texture" },
				"east": { "uv": [ 0, 10, 5, 16 ], "texture": "#texture" }
			}
		},
		{
			"__comment": "Cube1",
			"from": [ 0, 0, 0 ],
			"to": [ 3, 13, 5 ],
			"faces": {
				"down": { "uv": [ 0, 11, 3, 16 ], "texture": "#texture" },
				"north": { "uv": [ 0, 3, 3, 16 ], "texture": "#texture" },
				"south": { "uv": [ 0, 3, 3, 16 ], "texture": "#texture" },
				"west": { "uv": [ 0, 3, 5, 16 ], "texture": "#texture" },
				"east": { "uv": [ 11, 3, 16, 16 ], "texture": "#texture" }
			}
		},
		{
			"__comment": "Cube1",
			"from": [ 0, 6, 5 ],
			"to": [ 3, 11.5, 11 ],
			"faces": {
				"down": { "uv": [ 0.5, 5, 1, 11 ], "texture": "#texture" },
				"up": { "uv": [ 12.5, 14, 13, 14.5 ], "texture": "#texture", "rotation": 270 },
				"west": { "uv": [ 5, 4.5, 11, 10 ], "texture": "#texture" },
				"east": { "uv": [ 5, 4.5, 11, 10 ], "texture": "#texture" }
			}
		},
		{
			"__comment": "Cube7",
			"from": [ 1, 0.5, 5 ],
			"to": [ 2, 6, 11 ],
			"faces": {
				"up": { "uv": [ 1, 5, 2, 11 ], "texture": "#texture" },
				"west": { "uv": [ 5, 10, 11, 15.5 ], "texture": "#texture" },
				"east": { "uv": [ 5, 10, 11, 15.5 ], "texture": "#texture" }
			}
		},
		{
			"__comment": "Cube8",
			"from": [ 1, 11.5, 5 ],
			"to": [ 2, 13, 11 ],
			"faces": {
				"west": { "uv": [ 5, 3, 11, 4.5 ], "texture": "#texture" },
				"east": { "uv": [ 5, 3, 11, 4.5 ], "texture": "#texture" }
			}
		},
		{
			"__comment": "Cube9",
			"from": [ -1, 14.5, 1.5 ],
			"to": [ 4, 15, 2 ],
			"faces": {
				"down": { "uv": [ 12, 1, 14.5, 1.5 ], "texture": "#texture", "rotation": 180 },
				"up": { "uv": [ 12, 1, 14.5, 1.5 ], "texture": "#texture", "rotation": 180 },
				"north": { "uv": [ 12, 1, 14.5, 1.5 ], "texture": "#texture" },
				"south": { "uv": [ 12, 1, 14.5, 1.5 ], "texture": "#texture" }
			}
		},
		{
			"__comment": "Cube9",
			"from": [ -1.5, 14.5, 1.5 ],
			"to": [ -1, 15, 4 ],
			"faces": {
				"down": { "uv": [ 13, 1, 13.5, 1.5 ], "texture": "#texture", "rotation": 180 },
				"up": { "uv": [ 13, 1, 14, 1.5 ], "texture": "#texture", "rotation": 180 },
				"north": { "uv": [ 13, 1, 13.5, 1.5 ], "texture": "#texture" },
				"south": { "uv": [ 12, 1, 12.5, 1.5 ], "texture": "#texture" },
				"west": { "uv": [ 14.5, 1, 12, 1.5 ], "texture": "#texture" },
				"east": { "uv": [ 12, 1, 14.5, 1.5 ], "texture": "#texture" }
			}
		},
		{
			"__comment": "Cube9",
			"from": [ 4, 14.5, 1.5 ],
			"to": [ 4.5, 15, 4 ],
			"faces": {
				"down": { "uv": [ 12.5, 1, 13, 1.5 ], "texture": "#texture", "rotation": 180 },
				"up": { "uv": [ 13, 1, 13.5, 1.5 ], "texture": "#texture", "rotation": 180 },
				"north": { "uv": [ 14, 1, 14.5, 1.5 ], "texture": "#texture" },
				"south": { "uv": [ 12.5, 1, 13, 1.5 ], "texture": "#texture" },
				"west": { "uv": [ 14.5, 1, 12, 1.5 ], "texture": "#texture" },
				"east": { "uv": [ 12, 1, 14.5, 1.5 ], "texture": "#texture" }
			}
		}
	]
}