{
	"credit": "Made with Blockbench",
	"parent": "block",
	"textures": {
		"particle": "block/birch_planks",
		"texture": "block/birch_planks",
        "0": "block/black_outline"
	},
	"elements": [
		{
			"from": [6, 6, 5],
			"to": [10, 8, 11],
			"rotation": {"angle": 0, "axis": "y", "origin": [14, 14, 13]},
			"color": 2,
			"faces": {
				"north": {"uv": [0, 0, 4, 2], "texture": "texture"},
				"east": {"uv": [0, 0, 6, 2], "texture": "texture"},
				"south": {"uv": [0, 0, 4, 2], "texture": "texture"},
				"west": {"uv": [0, 0, 6, 2], "texture": "texture"},
				"up": {"uv": [0, 0, 4, 6], "texture": "texture"},
				"down": {"uv": [0, 0, 4, 6], "texture": "texture"}
			}
		},
		{
			"name": "cube_outline",
			"from": [10.5, 8.5, 11.5],
			"to": [5.5, 5.5, 4.5],
			"rotation": {"angle": 0, "axis": "y", "origin": [14, 14, 13]},
			"color": 0,
			"faces": {
				"north": {"uv": [0, 0, 4, 2], "rotation": 180, "texture": "0"},
				"east": {"uv": [0, 0, 6, 2], "rotation": 180, "texture": "0"},
				"south": {"uv": [0, 0, 4, 2], "rotation": 180, "texture": "0"},
				"west": {"uv": [0, 0, 6, 2], "rotation": 180, "texture": "0"},
				"up": {"uv": [0, 0, 4, 6], "rotation": 180, "texture": "0"},
				"down": {"uv": [0, 0, 4, 6], "rotation": 180, "texture": "0"}
			}
		}
	],
	"display": {
		"thirdperson_righthand": {
			"rotation": [75, 45, 0],
			"translation": [0, 2.5, 0],
			"scale": [0.375, 0.375, 0.375]
		},
		"thirdperson_lefthand": {
			"rotation": [75, 45, 0],
			"translation": [0, 2.5, 0],
			"scale": [0.375, 0.375, 0.375]
		},
		"firstperson_righthand": {
			"rotation": [0, 45, 0],
			"scale": [0.4, 0.4, 0.4]
		},
		"firstperson_lefthand": {
			"rotation": [0, 225, 0],
			"scale": [0.4, 0.4, 0.4]
		},
		"ground": {
			"translation": [0, 3, 0],
			"scale": [0.25, 0.25, 0.25]
		},
		"gui": {
			"rotation": [30, 225, 0],
			"scale": [0.825, 0.825, 0.825]
		},
		"fixed": {
			"scale": [0.5, 0.5, 0.5]
		}
	}
}