{
	"credit": "Made with Blockbench",
	"parent": "block/block",
	"ambientocclusion": false,
	"textures": {
		"bottom": "block/cactus_bottom",
		"top": "block/cactus_top",
		"particle": "block/cactus_side",
		"side": "block/cactus_side",
		"0": "block/black_outline"
	},
	"elements": [
		{
			"from": [0, 0, 0],
			"to": [16, 16, 16],
			"faces": {
				"up": {"uv": [0, 0, 16, 16], "texture": "#top", "cullface": "up"},
				"down": {"uv": [0, 0, 16, 16], "texture": "#bottom", "cullface": "down"}
			}
		},
		{
			"from": [0, 0, 1],
			"to": [16, 16, 15],
			"faces": {
				"north": {"uv": [0, 0, 16, 16], "texture": "#side"},
				"south": {"uv": [0, 0, 16, 16], "texture": "#side"}
			}
		},
		{
			"from": [1, 0, 0],
			"to": [15, 16, 16],
			"faces": {
				"east": {"uv": [0, 0, 16, 16], "texture": "#side"},
				"west": {"uv": [0, 0, 16, 16], "texture": "#side"}
			}
		},
		{
			"name": "cube_outline",
			"from": [16.5, 16.5, 16.5],
			"to": [-0.5, -0.5, -0.5],
			"faces": {
				"up": {"uv": [0, 0, 16, 16], "rotation": 180, "texture": "#0", "cullface": "down"},
				"down": {"uv": [0, 0, 16, 16], "rotation": 180, "texture": "#0", "cullface": "up"}
			}
		},
		{
			"name": "cube_outline",
			"from": [16.5, 16.5, 15.5],
			"to": [-0.5, -0.5, 0.5],
			"faces": {
				"north": {"uv": [0, 0, 16, 16], "rotation": 180, "texture": "#0"},
				"south": {"uv": [0, 0, 16, 16], "rotation": 180, "texture": "#0"}
			}
		},
		{
			"name": "cube_outline",
			"from": [15.5, 16.5, 16.5],
			"to": [0.5, -0.5, -0.5],
			"faces": {
				"east": {"uv": [0, 0, 16, 16], "rotation": 180, "texture": "#0"},
				"west": {"uv": [0, 0, 16, 16], "rotation": 180, "texture": "#0"}
			}
		}
	],
	"groups": [
		{
			"name": "cactus",
			"origin": [8, 8, 8],
			"children": [0, 1, 2]
		}, 3, 4, 5]
}