{
	"parent": "block/block",
	"textures": {
		"particle": "block/lime_concrete",
		"texture": "block/lime_concrete",
        "0": "block/black_outline"
	},
	"elements": [
		{
			"from": [0, 0, 0],
			"to": [16, 16, 16],
			"faces": {
				"north": {"uv": [0, 0, 16, 16], "texture": "#texture", "cullface": "north"},
				"east": {"uv": [0, 0, 16, 16], "texture": "#texture", "cullface": "east"},
				"south": {"uv": [0, 0, 16, 16], "texture": "#texture", "cullface": "south"},
				"west": {"uv": [0, 0, 16, 16], "texture": "#texture", "cullface": "west"},
				"up": {"uv": [0, 0, 16, 16], "texture": "#texture", "cullface": "up"},
				"down": {"uv": [0, 0, 16, 16], "texture": "#texture", "cullface": "down"}
			}
		},
		{
			"from": [16.5, 16.5, 16.5],
			"to": [-0.5, -0.5, -0.5],
			"faces": {
				"north": {"uv": [0, 0, 16, 16], "texture": "#0"},
				"east": {"uv": [0, 0, 16, 16], "texture": "#0"},
				"south": {"uv": [0, 0, 16, 16], "texture": "#0"},
				"west": {"uv": [0, 0, 16, 16], "texture": "#0"},
				"up": {"uv": [0, 0, 16, 16], "texture": "#0"},
				"down": {"uv": [0, 0, 16, 16], "texture": "#0"}
			}
		}
	]
}