{
	"credit": "Made with Blockbench",
	"parent": "block",
	"elements": [
		{
			"from": [0, 0, 0],
			"to": [16, 8, 16],
			"color": 6,
			"faces": {
				"north": {"uv": [0, 0, 16, 8], "texture": "#missing"},
				"east": {"uv": [0, 0, 16, 8], "texture": "#missing"},
				"south": {"uv": [0, 0, 16, 8], "texture": "#missing"},
				"west": {"uv": [0, 0, 16, 8], "texture": "#missing"},
				"up": {"uv": [0, 0, 16, 16], "texture": "#missing"},
				"down": {"uv": [0, 0, 16, 16], "texture": "#missing"}
			}
		},
		{
			"name": "cube_outline",
			"from": [16.5, 8.5, 16.5],
			"to": [-0.5, -0.5, -0.5],
			"color": 6,
			"faces": {
				"north": {"uv": [0, 0, 16, 8], "rotation": 180, "texture": "#missing"},
				"east": {"uv": [0, 0, 16, 8], "rotation": 180, "texture": "#missing"},
				"south": {"uv": [0, 0, 16, 8], "rotation": 180, "texture": "#missing"},
				"west": {"uv": [0, 0, 16, 8], "rotation": 180, "texture": "#missing"},
				"up": {"uv": [0, 0, 16, 16], "rotation": 180, "texture": "#missing"},
				"down": {"uv": [0, 0, 16, 16], "rotation": 180, "texture": "#missing"}
			}
		},
		{
			"from": [0, 8, 0],
			"to": [16, 16, 8],
			"rotation": {"angle": 0, "axis": "y", "origin": [8, 16, 8]},
			"color": 1,
			"faces": {
				"north": {"uv": [0, 0, 16, 8], "texture": "#missing"},
				"east": {"uv": [0, 0, 8, 8], "texture": "#missing"},
				"south": {"uv": [0, 0, 16, 8], "texture": "#missing"},
				"west": {"uv": [0, 0, 8, 8], "texture": "#missing"},
				"up": {"uv": [0, 0, 16, 8], "texture": "#missing"},
				"down": {"uv": [0, 0, 16, 8], "texture": "#missing"}
			}
		},
		{
			"name": "cube_outline",
			"from": [16.5, 16.5, 8.5],
			"to": [-0.5, 7.5, -0.5],
			"rotation": {"angle": 0, "axis": "y", "origin": [8, 16, 8]},
			"color": 0,
			"faces": {
				"north": {"uv": [0, 0, 16, 8], "rotation": 180, "texture": "#missing"},
				"east": {"uv": [0, 0, 8, 8], "rotation": 180, "texture": "#missing"},
				"south": {"uv": [0, 0, 16, 8], "rotation": 180, "texture": "#missing"},
				"west": {"uv": [0, 0, 8, 8], "rotation": 180, "texture": "#missing"},
				"up": {"uv": [0, 0, 16, 8], "rotation": 180, "texture": "#missing"},
				"down": {"uv": [0, 0, 16, 8], "rotation": 180, "texture": "#missing"}
			}
		}
	]
}