{
    "parent": "builtin/generated",
    "textures": {"layer0": "item/bone" },
	"display": {
		"gui": {
			"rotation":  [ 0, 0, 0 ],
            "translation": [ 0, 0, 0],
			"scale":  [ 1, 1, 1 ]
		},
        "ground": {
            "rotation": [ 0, 0, 0 ],
            "translation": [ 0, 2, 0],
            "scale":[ 0.75, 0.75, 0.75 ]
        },
        "head": {
            "rotation": [ 0, 180, 0 ],
            "translation": [ 0, 13, 7],
            "scale":[ 1, 1, 1]
        },
        "thirdperson_righthand": {
            "rotation": [ 130, 270, 0 ],
            "translation": [ 0, 5, 1 ],
            "scale": [ 1, 1, 1 ]
        },
        "thirdperson_lefthand": {
            "rotation": [ 130, 90, 0 ],
            "translation": [ 0, 5, 1 ],
            "scale": [ 1, 1, 1 ]
        },
        "firstperson_righthand": {
            "rotation": [ 110, -90, 25 ],
            "translation": [ 1.13, 3.2, 1.13],
            "scale": [ 1, 1, 1 ]
        },
		"firstperson_lefthand": {
            "rotation": [ 60, -270, 25 ],
            "translation": [ 1.13, 3.2, 1.13],
            "scale": [ 1, 1, 1 ]
        },
        "fixed": {
            "rotation": [ 0, 180, 0 ],
            "scale": [ 1, 1, 1 ]
        }
    }
}
