{
    "parent": "item/handheld",
    "textures": {
        "layer0": "item/rabbit_foot"
	},
	"display": {
		"gui": {
			"rotation":  [ 0, 0, 0 ],
            "translation": [ 0, 0, 0],
			"scale":  [ 0.7, 0.7, 0.7 ]
		},
        "ground": {
            "rotation": [ 0, 0, 0 ],
            "translation": [ 0, 2, 0],
            "scale":[ 0.3, 0.3, 0.3 ]
        },
        "head": {
            "rotation": [ 0, 180, 0 ],
            "translation": [ 0, 13, 7],
            "scale":[ 0.4, 0.4, 0.4]
        },
        "thirdperson_righthand": {
            "scale": [ 0.4, 0.4, 0.4 ]
        },
        "firstperson_righthand": {
            "rotation": [ 0, -90, 25 ],
            "translation": [ 0.13, 3.8, 1.13],
            "scale": [ 0.4, 0.4, 0.4 ]
        },
        "fixed": {
            "rotation": [ 0, 180, 0 ],
            "scale": [ 0.6, 0.6, 0.6 ]
        }
    }
}
