{
    "parent": "item/handheld",
    "textures": {
        "layer0": "item/shears"
	},
	"display": {
		"gui": {
			"rotation":  [ 0, 0, 0 ],
            "translation": [ 0, 0, 0],
			"scale":  [ 0.8, 0.8, 0.8 ]
		},
        "ground": {
            "rotation": [ 0, 0, 0 ],
            "translation": [ 0, 2, 0],
            "scale":[ 0.75, 0.75, 0.75 ]
        },
        "head": {
            "rotation": [ 0, 180, 0 ],
            "translation": [ 0, 13, 7],
            "scale":[ 1, 1, 1]
        },
        "thirdperson_righthand": {
            "rotation": [ 40, 90, 0 ],
            "translation": [ 0, 6, 1 ],
            "scale": [ 1, 1, 1 ]
        },
        "firstperson_righthand": {
            "rotation": [ 0, -90, 55 ],
            "translation": [ 1.13, 3.2, 1.13],
            "scale": [ 0.5, 0.5, 0.5 ]
        },
        "fixed": {
            "rotation": [ 0, 180, 0 ],
            "scale": [ 0.8, 0.8, 0.8 ]
        }
    }
}
