{
    "variants": {
        "moisture=0": { "model": "block/farmland", "weight": 15  },
		"moisture=0": { "model": "block/farmland2", "weight": 15  },
		"moisture=0": { "model": "block/farmland3", "weight": 15  },
		"moisture=0": { "model": "block/farmland4", "weight": 15  },
		"moisture=0": { "model": "block/farmland5", "weight": 15  },
        "moisture=1": { "model": "block/farmland", "weight": 15  },
		"moisture=1": { "model": "block/farmland2", "weight": 15  },
		"moisture=1": { "model": "block/farmland3", "weight": 15  },
		"moisture=1": { "model": "block/farmland4", "weight": 15  },
		"moisture=1": { "model": "block/farmland5", "weight": 15  },
        "moisture=2": { "model": "block/farmland", "weight": 15  },
		"moisture=2": { "model": "block/farmland2", "weight": 15  },
		"moisture=2": { "model": "block/farmland3", "weight": 15  },
		"moisture=2": { "model": "block/farmland4", "weight": 15  },
		"moisture=2": { "model": "block/farmland5", "weight": 15  },
        "moisture=3": { "model": "block/farmland", "weight": 15  },
		"moisture=3": { "model": "block/farmland2", "weight": 15  },
		"moisture=3": { "model": "block/farmland3", "weight": 15  },
		"moisture=3": { "model": "block/farmland4", "weight": 15  },
		"moisture=3": { "model": "block/farmland5", "weight": 15  },
        "moisture=4": { "model": "block/farmland", "weight": 15  },
		"moisture=4": { "model": "block/farmland2", "weight": 15  },
		"moisture=4": { "model": "block/farmland3", "weight": 15  },
		"moisture=4": { "model": "block/farmland4", "weight": 15  },
		"moisture=4": { "model": "block/farmland5", "weight": 15  },
        "moisture=5": { "model": "block/farmland", "weight": 15  },
		"moisture=5": { "model": "block/farmland2", "weight": 15  },
		"moisture=5": { "model": "block/farmland3", "weight": 15  },
		"moisture=5": { "model": "block/farmland4", "weight": 15  },
		"moisture=5": { "model": "block/farmland5", "weight": 15  },
        "moisture=6": { "model": "block/farmland", "weight": 15  },
		"moisture=6": { "model": "block/farmland2", "weight": 15  },
		"moisture=6": { "model": "block/farmland3", "weight": 15  },
		"moisture=6": { "model": "block/farmland4", "weight": 15  },
		"moisture=6": { "model": "block/farmland5", "weight": 15  },
        "moisture=7": { "model": "block/farmland_moist", "weight": 15  },
		"moisture=7": { "model": "block/farmland_moist2", "weight": 15  },
		"moisture=7": { "model": "block/farmland_moist3", "weight": 15  },
		"moisture=7": { "model": "block/farmland_moist4", "weight": 15  },
		"moisture=7": { "model": "block/farmland_moist5", "weight": 15  }
    }
}
