{
    "variants": {
        "facing=north,half=bottom,open=false": { "model": "block/jungle_trapdoor_bottom", "uvlock": false },
        "facing=south,half=bottom,open=false": { "model": "block/jungle_trapdoor_bottom", "uvlock": false, "y": 0 },
        "facing=east,half=bottom,open=false": { "model": "block/jungle_trapdoor_bottom", "uvlock": false, "y": 90 },
        "facing=west,half=bottom,open=false": { "model": "block/jungle_trapdoor_bottom", "uvlock": false, "y": 90 },
        "facing=north,half=top,open=false": { "model": "block/jungle_trapdoor_top", "uvlock": false },
        "facing=south,half=top,open=false": { "model": "block/jungle_trapdoor_top", "uvlock": false, "y": 0 },
        "facing=east,half=top,open=false": { "model": "block/jungle_trapdoor_top", "uvlock": false, "y": 90 },
        "facing=west,half=top,open=false": { "model": "block/jungle_trapdoor_top", "uvlock": false, "y": 90 },
        "facing=north,half=bottom,open=true": { "model": "block/jungle_trapdoor_open_reverse", "uvlock": false, "y": 0 },
        "facing=south,half=bottom,open=true": { "model": "block/jungle_trapdoor_open", "uvlock": false, "y": 180 },
        "facing=east,half=bottom,open=true": { "model": "block/jungle_trapdoor_open_reverse", "uvlock": false, "y": 90 },
        "facing=west,half=bottom,open=true": { "model": "block/jungle_trapdoor_open", "uvlock": false, "y": 270 },
        "facing=north,half=top,open=true": { "model": "block/jungle_trapdoor_open_reverse", "uvlock": false, "x": 0, "y": 0 },
        "facing=south,half=top,open=true": { "model": "block/jungle_trapdoor_open", "uvlock": false, "x": 0 , "y": 180 },
        "facing=east,half=top,open=true": { "model": "block/jungle_trapdoor_open_reverse", "uvlock": false, "x": 0 , "y": 90 },
        "facing=west,half=top,open=true": { "model": "block/jungle_trapdoor_open", "uvlock": false, "x": 0 , "y": 270 }
    }
}
