{
  "variants": {
	"age=0": [
	{
      "model": "minecraft:block/pumpkin_stem_stage0" },
	{
	  "model": "minecraft:block/pumpkin_stem_stage0", "y": 90 },
	{
	  "model": "minecraft:block/pumpkin_stem_stage0", "y": 180 },
	{
	  "model": "minecraft:block/pumpkin_stem_stage0", "y": 270 }
	],
	"age=1": [
	{
      "model": "minecraft:block/pumpkin_stem_stage1" },
	{
	  "model": "minecraft:block/pumpkin_stem_stage1", "y": 90 },
	{
	  "model": "minecraft:block/pumpkin_stem_stage1", "y": 180 },
	{
	  "model": "minecraft:block/pumpkin_stem_stage1", "y": 270 }
	],
	"age=2": [
	{
      "model": "minecraft:block/pumpkin_stem_stage2" },
	{
	  "model": "minecraft:block/pumpkin_stem_stage2", "y": 90 },
	{
	  "model": "minecraft:block/pumpkin_stem_stage2", "y": 180 },
	{
	  "model": "minecraft:block/pumpkin_stem_stage2", "y": 270 }
	],
	"age=3": [
	{
      "model": "minecraft:block/pumpkin_stem_stage3" },
	{
	  "model": "minecraft:block/pumpkin_stem_stage3", "y": 90 },
	{
	  "model": "minecraft:block/pumpkin_stem_stage3", "y": 180 },
	{
	  "model": "minecraft:block/pumpkin_stem_stage3", "y": 270 }
	],
	"age=4": [
	{
      "model": "minecraft:block/pumpkin_stem_stage4" },
	{
	  "model": "minecraft:block/pumpkin_stem_stage4", "y": 90 },
	{
	  "model": "minecraft:block/pumpkin_stem_stage4", "y": 180 },
	{
	  "model": "minecraft:block/pumpkin_stem_stage4", "y": 270 }
	],
	"age=5": [
	{
      "model": "minecraft:block/pumpkin_stem_stage5" },
	{
	  "model": "minecraft:block/pumpkin_stem_stage5", "y": 90 },
	{
	  "model": "minecraft:block/pumpkin_stem_stage5", "y": 180 },
	{
	  "model": "minecraft:block/pumpkin_stem_stage5", "y": 270 }
	],
	"age=6": [
	{
      "model": "minecraft:block/pumpkin_stem_stage6" },
	{
	  "model": "minecraft:block/pumpkin_stem_stage6", "y": 90 },
	{
	  "model": "minecraft:block/pumpkin_stem_stage6", "y": 180 },
	{
	  "model": "minecraft:block/pumpkin_stem_stage6", "y": 270 }
	],
	"age=7": [
	{
      "model": "minecraft:block/pumpkin_stem_stage7" },
	{
	  "model": "minecraft:block/pumpkin_stem_stage7", "y": 90 },
	{
	  "model": "minecraft:block/pumpkin_stem_stage7", "y": 180 },
	{
	  "model": "minecraft:block/pumpkin_stem_stage7", "y": 270 }
	]
  }
}